
CH32V203F8U.elf:     file format elf32-littleriscv
CH32V203F8U.elf
architecture: riscv:rv32, flags 0x00000112:
EXEC_P, HAS_SYMS, D_PAGED
start address 0x00000000

Program Header:
    LOAD off    0x00001000 vaddr 0x00000000 paddr 0x00000000 align 2**12
         filesz 0x00004910 memsz 0x00004910 flags r-x
    LOAD off    0x00006000 vaddr 0x20000000 paddr 0x00004910 align 2**12
         filesz 0x00000238 memsz 0x000006ac flags rw-
    LOAD off    0x00006800 vaddr 0x20004800 paddr 0x20004800 align 2**12
         filesz 0x00000000 memsz 0x00000800 flags rw-

Sections:
Idx Name          Size      VMA       LMA       File off  Algn
  0 .init         00000004  00000000  00000000  00001000  2**1
                  CONTENTS, ALLOC, LOAD, READONLY, CODE
  1 .vector       000000fc  00000004  00000004  00001004  2**1
                  CONTENTS, ALLOC, LOAD, READONLY, CODE
  2 .text         00004810  00000100  00000100  00001100  2**2
                  CONTENTS, ALLOC, LOAD, READONLY, CODE
  3 .fini         00000000  00004910  00004910  00006238  2**0
                  CONTENTS, ALLOC, LOAD, CODE
  4 .dalign       00000000  20000000  20000000  00006238  2**0
                  CONTENTS
  5 .dlalign      00000000  00004910  00004910  00006238  2**0
                  CONTENTS
  6 .data         00000238  20000000  00004910  00006000  2**2
                  CONTENTS, ALLOC, LOAD, DATA
  7 .bss          00000474  20000238  00004b48  00006238  2**2
                  ALLOC
  8 .stack        00000800  20004800  20004800  00006800  2**0
                  ALLOC
  9 .debug_info   00016732  00000000  00000000  00006238  2**0
                  CONTENTS, READONLY, DEBUGGING
 10 .debug_abbrev 00003e0c  00000000  00000000  0001c96a  2**0
                  CONTENTS, READONLY, DEBUGGING
 11 .debug_loc    0000505f  00000000  00000000  00020776  2**0
                  CONTENTS, READONLY, DEBUGGING
 12 .debug_aranges 00000ad0  00000000  00000000  000257d8  2**3
                  CONTENTS, READONLY, DEBUGGING
 13 .debug_ranges 00000c68  00000000  00000000  000262a8  2**3
                  CONTENTS, READONLY, DEBUGGING
 14 .debug_line   0000ff41  00000000  00000000  00026f10  2**0
                  CONTENTS, READONLY, DEBUGGING
 15 .debug_str    000039e3  00000000  00000000  00036e51  2**0
                  CONTENTS, READONLY, DEBUGGING
 16 .comment      00000033  00000000  00000000  0003a834  2**0
                  CONTENTS, READONLY
 17 .debug_frame  00002158  00000000  00000000  0003a868  2**2
                  CONTENTS, READONLY, DEBUGGING
 18 .stab         00000084  00000000  00000000  0003c9c0  2**2
                  CONTENTS, READONLY, DEBUGGING
 19 .stabstr      00000117  00000000  00000000  0003ca44  2**0
                  CONTENTS, READONLY, DEBUGGING
SYMBOL TABLE:
00000000 l    d  .init	00000000 .init
00000004 l    d  .vector	00000000 .vector
00000100 l    d  .text	00000000 .text
00004910 l    d  .fini	00000000 .fini
20000000 l    d  .dalign	00000000 .dalign
00004910 l    d  .dlalign	00000000 .dlalign
20000000 l    d  .data	00000000 .data
20000238 l    d  .bss	00000000 .bss
20004800 l    d  .stack	00000000 .stack
00000000 l    d  .debug_info	00000000 .debug_info
00000000 l    d  .debug_abbrev	00000000 .debug_abbrev
00000000 l    d  .debug_loc	00000000 .debug_loc
00000000 l    d  .debug_aranges	00000000 .debug_aranges
00000000 l    d  .debug_ranges	00000000 .debug_ranges
00000000 l    d  .debug_line	00000000 .debug_line
00000000 l    d  .debug_str	00000000 .debug_str
00000000 l    d  .comment	00000000 .comment
00000000 l    d  .debug_frame	00000000 .debug_frame
00000000 l    d  .stab	00000000 .stab
00000000 l    d  .stabstr	00000000 .stabstr
00000000 l    df *ABS*	00000000 ./Startup/startup_ch32v20x_D6.o
00000004 l       .vector	00000000 _vector_base
00000000 l    df *ABS*	00000000 bsp_adc.c
00000322 l     F .text	00000038 ADC_Read_Channel
20000238 l     O .bss	00000001 s_adc_inited
00000000 l    df *ABS*	00000000 bsp_cli.c
20000298 l     O .bss	00000050 s_cli_line
20000239 l     O .bss	00000001 s_cli_len
00000000 l    df *ABS*	00000000 bsp_isp.c
00000000 l    df *ABS*	00000000 bsp_key.c
2000023a l     O .bss	00000002 s_double_timer
2000023c l     O .bss	00000004 s_key_state
20000240 l     O .bss	00000002 s_press_timer
200001f0 l     O .data	00000001 s_aux_last_state
00000000 l    df *ABS*	00000000 bsp_led.c
00000a74 l     F .text	00000080 ws2812_send_24bit
20000244 l     O .bss	00000004 s_current_mode
20000248 l     O .bss	00000002 s_led_timer
200001f4 l     O .data	00000004 s_t0h_cycles
200001f8 l     O .data	00000004 s_t0l_cycles
200001fc l     O .data	00000004 s_t1h_cycles
20000200 l     O .data	00000004 s_t1l_cycles
00000000 l    df *ABS*	00000000 bsp_pwm.c
20000204 l     O .data	00000004 s_pwm_arr
00000000 l    df *ABS*	00000000 ch32v20x_it.c
00000000 l    df *ABS*	00000000 gunlight.c
00000e60 l     F .text	0000001e Gunlight_SetPWM_Internal
00000e7e l     F .text	00000094 Gunlight_Apply_PWM
00000f62 l     F .text	000000d6 Gunlight_Update_Battery_Status
00004398 l     O .text	00000048 c_sos_seq
2000024a l     O .bss	00000002 s_adc_timer
2000024c l     O .bss	00000004 s_bat_tier
20000250 l     O .bss	00000002 s_cur_pwm1
20000252 l     O .bss	00000002 s_cur_pwm2
20000254 l     O .bss	00000001 s_cutoff_confirm
20000258 l     O .bss	00000004 s_gl_state
2000025c l     O .bss	00000001 s_sos_step
2000025e l     O .bss	00000002 s_sos_timer
20000260 l     O .bss	00000002 s_standby_timer
20000262 l     O .bss	00000001 s_strobe_flag
20000264 l     O .bss	00000002 s_strobe_timer
20000266 l     O .bss	00000001 s_tactical_override
20000208 l     O .data	00000002 s_cur_vbat
2000020a l     O .data	00000002 s_standby_timeout_ticks
00000000 l    df *ABS*	00000000 main.c
00000000 l    df *ABS*	00000000 system_ch32v20x.c
00000000 l    df *ABS*	00000000 usb_cdc.c
00001584 l     F .text	00000096 USB_CDC_TriggerNextTx
200002e8 l     O .bss	00000040 s_ep0_buf
20000328 l     O .bss	00000040 s_ep2_buf
20000368 l     O .bss	00000040 s_ep3_buf
200003a8 l     O .bss	00000100 s_rx_buf
200004a8 l     O .bss	00000200 s_tx_buf
20000267 l     O .bss	00000001 s_dev_addr
20000268 l     O .bss	00000001 s_dev_addr_pending
20000269 l     O .bss	00000001 s_dev_config
2000026c l     O .bss	00000008 s_ep1_buf
20000274 l     O .bss	00000001 s_ep2_tx_busy
20000276 l     O .bss	00000002 s_rx_head
20000278 l     O .bss	00000002 s_rx_tail
2000027a l     O .bss	00000002 s_setup_tx_len
2000027c l     O .bss	00000004 s_setup_tx_ptr
20000280 l     O .bss	00000002 s_tx_head
20000282 l     O .bss	00000002 s_tx_tail
20000210 l     O .data	00000007 s_line_coding
00000000 l    df *ABS*	00000000 ch32v20x_adc.c
00000000 l    df *ABS*	00000000 ch32v20x_gpio.c
00000000 l    df *ABS*	00000000 ch32v20x_misc.c
00000000 l    df *ABS*	00000000 ch32v20x_pwr.c
00000000 l    df *ABS*	00000000 ch32v20x_rcc.c
20000010 l     O .data	00000010 APBAHBPrescTable
20000218 l     O .data	00000004 ADCPrescTable
00000000 l    df *ABS*	00000000 ch32v20x_tim.c
00000000 l    df *ABS*	00000000 ch32v20x_usart.c
00000000 l    df *ABS*	00000000 debug.c
2000028c l     O .bss	00000002 p_ms
2000028e l     O .bss	00000001 p_us
2000021c l     O .data	00000004 curbrk.4799
00000000 l    df *ABS*	00000000 libgcc2.c
00000000 l    df *ABS*	00000000 atoi.c
00000000 l    df *ABS*	00000000 locale.c
00000000 l    df *ABS*	00000000 mbtowc_r.c
00000000 l    df *ABS*	00000000 memcpy.c
00000000 l    df *ABS*	00000000 printf.c
00000000 l    df *ABS*	00000000 puts.c
00000000 l    df *ABS*	00000000 strncmp.c
00000000 l    df *ABS*	00000000 strtol.c
00002a86 l     F .text	0000013a _strtol_l.isra.0
00000000 l    df *ABS*	00000000 wbuf.c
00000000 l    df *ABS*	00000000 wctomb_r.c
00000000 l    df *ABS*	00000000 wsetup.c
00000000 l    df *ABS*	00000000 fflush.c
00000000 l    df *ABS*	00000000 findfp.c
00002f4a l     F .text	00000066 std
00000000 l    df *ABS*	00000000 fwalk.c
00000000 l    df *ABS*	00000000 makebuf.c
00000000 l    df *ABS*	00000000 nano-mallocr.c
00000000 l    df *ABS*	00000000 nano-mallocr.c
00000000 l    df *ABS*	00000000 nano-vfprintf.c
000033dc l     F .text	00000028 __sfputc_r
00000000 l    df *ABS*	00000000 nano-vfprintf_i.c
00000000 l    df *ABS*	00000000 sbrkr.c
00000000 l    df *ABS*	00000000 stdio.c
00000000 l    df *ABS*	00000000 writer.c
00000000 l    df *ABS*	00000000 closer.c
00000000 l    df *ABS*	00000000 fstatr.c
00000000 l    df *ABS*	00000000 isattyr.c
00000000 l    df *ABS*	00000000 lseekr.c
00000000 l    df *ABS*	00000000 memchr.c
00000000 l    df *ABS*	00000000 mlock.c
00000000 l    df *ABS*	00000000 readr.c
00000000 l    df *ABS*	00000000 close.c
00000000 l    df *ABS*	00000000 fstat.c
00000000 l    df *ABS*	00000000 isatty.c
00000000 l    df *ABS*	00000000 lseek.c
00000000 l    df *ABS*	00000000 read.c
00000000 l    df *ABS*	00000000 usb_desc.c
00000000 l    df *ABS*	00000000 libgcc2.c
00000000 l    df *ABS*	00000000 ctype_.c
00000000 l    df *ABS*	00000000 impure.c
2000018c l     O .data	00000060 impure_data
00000000 l    df *ABS*	00000000 reent.c
00001eaa g     F .text	00000034 PWR_EnterSTANDBYMode
00004624 g     O .text	00000026 USB_StringProduct
00001b1a  w      .text	00000000 EXTI2_IRQHandler
00003bd0 g     F .text	00000028 _isatty_r
0000297e g     F .text	000000d4 _puts_r
00003bf8 g     F .text	0000002c _lseek_r
0000293e g     F .text	00000040 printf
200009f0 g       .data	00000000 __global_pointer$
00000108 g     F .text	00000028 .hidden __riscv_save_8
00001b1a  w      .text	00000000 TIM1_CC_IRQHandler
00003b1a g     F .text	00000030 __sseek
00003000 g     F .text	0000006c __sinit
00002bde g     F .text	000000bc __swbuf_r
00000e50 g     F .text	00000010 HardFault_Handler
00002fba g     F .text	00000046 __sfmoreglue
00003c3e g     F .text	00000002 __malloc_unlock
00000154 g     F .text	0000000c .hidden __riscv_restore_3
00001b1a  w      .text	00000000 SysTick_Handler
00001c5a g     F .text	0000000a ADC_StartCalibration
00000468 g     F .text	00000064 BSP_ADC_GetBatteryVoltage_mV
00001b1a  w      .text	00000000 PVD_IRQHandler
000012cc g     F .text	0000002a Gunlight_TurnOn_Mode1
00001038 g     F .text	00000044 Gunlight_Init
00000140 g     F .text	00000020 .hidden __riscv_restore_10
00002842 g     F .text	00000018 __locale_ctype_ptr
00000e4e g     F .text	00000002 NMI_Handler
00001b1a  w      .text	00000000 EXTI3_IRQHandler
00000108 g     F .text	00000028 .hidden __riscv_save_11
00002342 g     F .text	0000000a USART_GetFlagStatus
00003ba6 g     F .text	0000002a _fstat_r
200006a8 g     O .bss	00000004 errno
20000238 g       .bss	00000000 _sbss
00000800 g       *ABS*	00000000 __stack_size
00001d64 g     F .text	0000000a ADC_GetFlagStatus
000023de g     F .text	0000005a USART_Printf_Init
00000922 g     F .text	00000114 BSP_Key_Scan_10ms
20000224 g     O .data	00000004 USB_StringLangID
000017da g     F .text	00000340 USBFS_IRQHandler
00000154 g     F .text	0000000c .hidden __riscv_restore_2
0000464c g     O .text	00000012 USB_StringSerial
0000288c g     F .text	000000b2 memcpy
00001c38 g     F .text	00000010 ADC_Cmd
00002fb0 g     F .text	0000000a _cleanup_r
00001b1a  w      .text	00000000 EXTI0_IRQHandler
00001b1a  w      .text	00000000 I2C2_EV_IRQHandler
0000221e g     F .text	00000018 TIM_Cmd
00002a52 g     F .text	0000000c puts
0000225e g     F .text	00000016 TIM_OC4PreloadConfig
2000020c g     O .data	00000004 SystemCoreClock
00003c78 g     F .text	0000000c _fstat
00000004 g       .init	00000000 _einit
00002044 g     F .text	0000001e RCC_APB2PeriphClockCmd
00000100 g     F .text	00000030 .hidden __riscv_save_12
00001b1a  w      .text	00000000 ADC1_2_IRQHandler
00004610 g     O .text	00000012 USB_DeviceDescriptor
00001d6e g     F .text	000000f2 GPIO_Init
00001f56 g     F .text	00000012 RCC_ADCCLKConfig
00001b1a  w      .text	00000000 Break_Point_Handler
000004e2 g     F .text	00000328 BSP_CLI_Process
00000140 g     F .text	00000020 .hidden __riscv_restore_11
20000288 g     O .bss	00000004 NVIC_Priority_Group
00001b1a  w      .text	00000000 SPI1_IRQHandler
00001c48 g     F .text	0000000a ADC_ResetCalibration
00002324 g     F .text	00000016 USART_Cmd
00003a7c g     F .text	0000002a _sbrk_r
00001b1a  w      .text	00000000 TAMPER_IRQHandler
00000130 g     F .text	0000000c .hidden __riscv_save_1
00000154 g     F .text	0000000c .hidden __riscv_restore_0
0000211e g     F .text	00000094 TIM_OC3Init
00003c40 g     F .text	0000002c _read_r
00000116 g     F .text	0000001a .hidden __riscv_save_7
00000906 g     F .text	0000001c BSP_MainKey_IsPressed
00000bea g     F .text	00000074 BSP_StatusLED_SetMode
00002062 g     F .text	0000001e RCC_APB1PeriphClockCmd
00001b1a  w      .text	00000000 Ecall_M_Mode_Handler
0000107c g     F .text	00000250 Gunlight_Process_10ms
00001e94 g     F .text	00000016 PWR_WakeUpPinCmd
00001336 g     F .text	0000000e Gunlight_GetStandbyTimeoutSec
20004800 g       .stack	00000000 _heap_end
00003c84 g     F .text	0000000c _isatty
00002372 g     F .text	00000036 Delay_Us
20000230 g     O .data	00000004 _global_impure_ptr
0000014a g     F .text	00000016 .hidden __riscv_restore_5
00000ce0 g     F .text	00000036 BSP_PWM_SetDuty_PWM1
00002026 g     F .text	0000001e RCC_AHBPeriphClockCmd
000024a4 g     F .text	00000392 .hidden __udivdi3
00001b1a  w      .text	00000000 DMA1_Channel4_IRQHandler
00001c84 g     F .text	000000b8 ADC_RegularChannelConfig
0000247e g     F .text	00000026 _sbrk
00001d3c g     F .text	00000008 ADC_GetConversionValue
000008ae g     F .text	00000058 BSP_Key_Init
00002bc0 g     F .text	0000001e strtol
0000040e g     F .text	0000005a BSP_ADC_DeInit
0000014a g     F .text	00000016 .hidden __riscv_restore_6
00001b1a  w      .text	00000000 USART3_IRQHandler
00001b1a  w      .text	00000000 RTC_IRQHandler
00001c64 g     F .text	00000008 ADC_GetCalibrationStatus
200006ac g       .bss	00000000 _ebss
00001b1a  w      .text	00000000 DMA1_Channel7_IRQHandler
00001c6c g     F .text	00000018 ADC_SoftwareStartConvCmd
00002250 g     F .text	0000000e TIM_OC3PreloadConfig
00001c52 g     F .text	00000008 ADC_GetResetCalibrationStatus
00001b1a  w      .text	00000000 CAN1_RX1_IRQHandler
0000234c g     F .text	00000026 Delay_Init
00001b1a  w      .text	00000000 TIM4_IRQHandler
00002236 g     F .text	0000001a TIM_ARRPreloadConfig
00000108 g     F .text	00000028 .hidden __riscv_save_9
00004874 g     O .text	00000020 __sf_fake_stderr
00000116 g     F .text	0000001a .hidden __riscv_save_4
00001b1a  w      .text	00000000 I2C1_EV_IRQHandler
00001344 g     F .text	0000000e Gunlight_SetStandbyTimeoutSec
00001f68 g     F .text	000000be RCC_GetClocksFreq
00001b1a  w      .text	00000000 DMA1_Channel6_IRQHandler
00003404 g     F .text	00000042 __sfputs_r
00001b1a  w      .text	00000000 UART4_IRQHandler
00003c24 g     F .text	00000018 memchr
0000227e g     F .text	000000a6 USART_Init
00003260 g     F .text	000000a8 _free_r
00001b1a  w      .text	00000000 TIM3_IRQHandler
00001b1a  w      .text	00000000 RCC_IRQHandler
00000130 g     F .text	0000000c .hidden __riscv_save_3
00001b1a  w      .text	00000000 TIM1_TRG_COM_IRQHandler
00001b1a  w      .text	00000000 DMA1_Channel1_IRQHandler
00000000 g       .init	00000000 _start
20000000 g     O .data	00000010 AHBPrescTable
00003c90 g     F .text	0000000c _lseek
00001b1a  w      .text	00000000 EXTI15_10_IRQHandler
00002a5e g     F .text	00000028 strncmp
00001b1a  w      .text	00000000 DMA1_Channel8_IRQHandler
000012fc g     F .text	0000002e Gunlight_SetState
00001e7a g     F .text	00000014 GPIO_ResetBits
00003b7e g     F .text	00000028 _close_r
0000035a g     F .text	000000b4 BSP_ADC_Init
20000000 g       .dalign	00000000 _data_vma
00002274 g     F .text	00000004 TIM_SetCompare3
000021b2 g     F .text	0000006c TIM_OC4Init
20000284 g     O .bss	00000001 MCU_Version
0000080a g     F .text	000000a4 BSP_ISP_JumpToBootloader
00002cb8 g     F .text	000000fc __swsetup_r
00001b1a  w      .text	00000000 EXTI9_5_IRQHandler
0000306c g     F .text	000000a0 __sfp
00000108 g     F .text	00000028 .hidden __riscv_save_10
00003aa6 g     F .text	0000002c __sread
00003c3c g     F .text	00000002 __malloc_lock
0000014a g     F .text	00000016 .hidden __riscv_restore_4
00000140 g     F .text	00000020 .hidden __riscv_restore_8
00002ee4 g     F .text	00000066 _fflush_r
00000116 g     F .text	0000001a .hidden __riscv_save_6
0000161a g     F .text	000000ba USB_CDC_Init
00001b1a  w      .text	00000000 SPI2_IRQHandler
00004894 g     O .text	00000020 __sf_fake_stdin
000012f6 g     F .text	00000006 Gunlight_GetState
00000b24 g     F .text	000000c6 BSP_StatusLED_Init
00000160 g     F .text	000000a8 memset
00000140 g     F .text	00000020 .hidden __riscv_restore_9
0000014a g     F .text	00000016 .hidden __riscv_restore_7
0000135e g     F .text	000000f0 main
00003b4a g     F .text	00000006 __sclose
00003308 g     F .text	000000d4 _malloc_r
00002c9a g     F .text	0000001e __ascii_wctomb
00000d68 g     F .text	000000e6 BSP_PWM_Init
00001b1a  w      .text	00000000 DMA1_Channel5_IRQHandler
00001f3c g     F .text	0000001a RCC_USBCLKConfig
00001b1a  w      .text	00000000 EXTI4_IRQHandler
000023a8 g     F .text	00000036 Delay_Ms
00001b1a  w      .text	00000000 USB_LP_CAN1_RX0_IRQHandler
00002278 g     F .text	00000006 TIM_SetCompare4
00000208 g     F .text	0000011a strcmp
00001756 g     F .text	00000084 USB_CDC_SendBytes
0000144e g     F .text	000000a8 SystemInit
0000293e g     F .text	00000040 iprintf
00001b1a  w      .text	00000000 USB_HP_CAN1_TX_IRQHandler
20000228 g     O .data	00000008 USB_StringVendor
00004660 g     O .text	00000100 .hidden __clz_tab
00000f12 g     F .text	00000050 Gunlight_Enter_LowPower_Standby
00001efa g     F .text	00000042 RCC_DeInit
00000000 g       .init	00000000 _sinit
00003b50 g     F .text	0000002e _write_r
00001b1a  w      .text	00000000 DMA1_Channel3_IRQHandler
000036ce g     F .text	0000010c _printf_common
20000220 g     O .data	00000004 _impure_ptr
00001b1a  w      .text	00000000 TIM1_UP_IRQHandler
00002db4 g     F .text	00000130 __sflush_r
000045cc g     O .text	00000043 USB_ConfigDescriptor
00001b1a  w      .text	00000000 WWDG_IRQHandler
0000209e g     F .text	0000001e RCC_APB1PeriphResetCmd
0000285a g     F .text	00000032 __ascii_mbtowc
00000afe g     F .text	00000026 BSP_StatusLED_AllOff
00001b1a  w      .text	00000000 Ecall_U_Mode_Handler
00001b1a  w      .text	00000000 TIM2_IRQHandler
20005000 g       .stack	00000000 _eusrstack
00000130 g     F .text	0000000c .hidden __riscv_save_2
00001b1a  w      .text	00000000 SW_Handler
00001358 g     F .text	00000006 Gunlight_GetPwm2Duty
00001ba2 g     F .text	00000040 ADC_DeInit
00001b1a  w      .text	00000000 TIM1_BRK_IRQHandler
00003176 g     F .text	00000058 __swhatbuf_r
00001be2 g     F .text	00000056 ADC_Init
0000233a g     F .text	00000008 USART_SendData
00001b1a  w      .text	00000000 EXTI1_IRQHandler
00000116 g     F .text	0000001a .hidden __riscv_save_5
00002438 g     F .text	00000046 _write
00001d44 g     F .text	00000020 ADC_TempSensorVrefintCmd
20000238 g       .data	00000000 _edata
200006ac g       .bss	00000000 _end
000020bc g     F .text	00000062 TIM_TimeBaseInit
00001b1a  w      .text	00000000 RTCAlarm_IRQHandler
000016d4 g     F .text	00000038 USB_CDC_DeInit
00001ede g     F .text	0000000e PWR_GetFlagStatus
00004910 g       .dlalign	00000000 _data_lma
000004cc g     F .text	00000016 BSP_CLI_Init
00001b1a  w      .text	00000000 USART2_IRQHandler
00003ad2 g     F .text	00000048 __swrite
0000170c g     F .text	00000020 USB_CDC_Available
00003446 g     F .text	00000288 _vfiprintf_r
00000af4 g     F .text	0000000a BSP_StatusLED_SetColor
0000310c g     F .text	0000006a _fwalk_reent
000014f6 g     F .text	0000008e SystemCoreClockUpdate
00000c5e g     F .text	00000082 BSP_StatusLED_Process_10ms
00001b1a  w      .text	00000000 I2C2_ER_IRQHandler
00001b1a  w      .text	00000000 DMA1_Channel2_IRQHandler
000048b4 g     O .text	00000020 __sf_fake_stdout
00001330 g     F .text	00000006 Gunlight_GetBatteryTier
00002836 g     F .text	00000006 atoi
0000013c g     F .text	00000024 .hidden __riscv_restore_12
00004770 g     O .text	00000101 _ctype_
00003c9c g     F .text	0000000c _read
00001b1c  w      .text	00000000 handle_reset
00001b1a  w      .text	00000000 CAN1_SCE_IRQHandler
00001eec g     F .text	0000000e PWR_ClearFlag
00001b1a  w      .text	00000000 FLASH_IRQHandler
00000130 g     F .text	0000000c .hidden __riscv_save_0
00001b1a  w      .text	00000000 USBFSWakeUp_IRQHandler
00001b1a  w      .text	00000000 USART1_IRQHandler
000031ce g     F .text	00000092 __smakebuf_r
000037da g     F .text	000002a2 _printf_i
0000283c g     F .text	00000006 __locale_ctype_ptr_l
20000294 g     O .bss	00000004 __malloc_sbrk_start
00002080 g     F .text	0000001e RCC_APB2PeriphResetCmd
00001b1a  w      .text	00000000 I2C1_ER_IRQHandler
00001e8e g     F .text	00000006 NVIC_PriorityGroupConfig
0000172c g     F .text	0000002a USB_CDC_ReadByte
20000290 g     O .bss	00000004 __malloc_free_list
00000154 g     F .text	0000000c .hidden __riscv_restore_1
00000d16 g     F .text	00000036 BSP_PWM_SetDuty_PWM2
00003446 g     F .text	00000288 _vfprintf_r
00001e60 g     F .text	0000001a GPIO_ReadInputDataBit
00001352 g     F .text	00000006 Gunlight_GetPwm1Duty
20000020 g     O .data	0000016c __global_locale
00000a36 g     F .text	0000003e BSP_AuxKey_Scan_10ms
00000d4c g     F .text	0000001c BSP_PWM_AllOff
00001b1a  w      .text	00000000 USBWakeUp_IRQHandler
0000132a g     F .text	00000006 Gunlight_GetBatteryVoltage_mV
00003c6c g     F .text	0000000c _close



Disassembly of section .init:

00000000 <_sinit>:
   0:	31d0106f          	j	1b1c <handle_reset>

Disassembly of section .vector:

00000004 <_vector_base>:
	...
   c:	0e4e                	slli	t3,t3,0x13
   e:	0000                	unimp
  10:	0e50                	addi	a2,sp,788
  12:	0000                	unimp
  14:	0000                	unimp
  16:	0000                	unimp
  18:	1b1a                	slli	s6,s6,0x26
	...
  22:	0000                	unimp
  24:	1b1a                	slli	s6,s6,0x26
  26:	0000                	unimp
  28:	1b1a                	slli	s6,s6,0x26
	...
  32:	0000                	unimp
  34:	1b1a                	slli	s6,s6,0x26
  36:	0000                	unimp
  38:	0000                	unimp
  3a:	0000                	unimp
  3c:	1b1a                	slli	s6,s6,0x26
  3e:	0000                	unimp
  40:	0000                	unimp
  42:	0000                	unimp
  44:	1b1a                	slli	s6,s6,0x26
  46:	0000                	unimp
  48:	1b1a                	slli	s6,s6,0x26
  4a:	0000                	unimp
  4c:	1b1a                	slli	s6,s6,0x26
  4e:	0000                	unimp
  50:	1b1a                	slli	s6,s6,0x26
  52:	0000                	unimp
  54:	1b1a                	slli	s6,s6,0x26
  56:	0000                	unimp
  58:	1b1a                	slli	s6,s6,0x26
  5a:	0000                	unimp
  5c:	1b1a                	slli	s6,s6,0x26
  5e:	0000                	unimp
  60:	1b1a                	slli	s6,s6,0x26
  62:	0000                	unimp
  64:	1b1a                	slli	s6,s6,0x26
  66:	0000                	unimp
  68:	1b1a                	slli	s6,s6,0x26
  6a:	0000                	unimp
  6c:	1b1a                	slli	s6,s6,0x26
  6e:	0000                	unimp
  70:	1b1a                	slli	s6,s6,0x26
  72:	0000                	unimp
  74:	1b1a                	slli	s6,s6,0x26
  76:	0000                	unimp
  78:	1b1a                	slli	s6,s6,0x26
  7a:	0000                	unimp
  7c:	1b1a                	slli	s6,s6,0x26
  7e:	0000                	unimp
  80:	1b1a                	slli	s6,s6,0x26
  82:	0000                	unimp
  84:	1b1a                	slli	s6,s6,0x26
  86:	0000                	unimp
  88:	1b1a                	slli	s6,s6,0x26
  8a:	0000                	unimp
  8c:	1b1a                	slli	s6,s6,0x26
  8e:	0000                	unimp
  90:	1b1a                	slli	s6,s6,0x26
  92:	0000                	unimp
  94:	1b1a                	slli	s6,s6,0x26
  96:	0000                	unimp
  98:	1b1a                	slli	s6,s6,0x26
  9a:	0000                	unimp
  9c:	1b1a                	slli	s6,s6,0x26
  9e:	0000                	unimp
  a0:	1b1a                	slli	s6,s6,0x26
  a2:	0000                	unimp
  a4:	1b1a                	slli	s6,s6,0x26
  a6:	0000                	unimp
  a8:	1b1a                	slli	s6,s6,0x26
  aa:	0000                	unimp
  ac:	1b1a                	slli	s6,s6,0x26
  ae:	0000                	unimp
  b0:	1b1a                	slli	s6,s6,0x26
  b2:	0000                	unimp
  b4:	1b1a                	slli	s6,s6,0x26
  b6:	0000                	unimp
  b8:	1b1a                	slli	s6,s6,0x26
  ba:	0000                	unimp
  bc:	1b1a                	slli	s6,s6,0x26
  be:	0000                	unimp
  c0:	1b1a                	slli	s6,s6,0x26
  c2:	0000                	unimp
  c4:	1b1a                	slli	s6,s6,0x26
  c6:	0000                	unimp
  c8:	1b1a                	slli	s6,s6,0x26
  ca:	0000                	unimp
  cc:	1b1a                	slli	s6,s6,0x26
  ce:	0000                	unimp
  d0:	1b1a                	slli	s6,s6,0x26
  d2:	0000                	unimp
  d4:	1b1a                	slli	s6,s6,0x26
  d6:	0000                	unimp
  d8:	1b1a                	slli	s6,s6,0x26
  da:	0000                	unimp
  dc:	1b1a                	slli	s6,s6,0x26
  de:	0000                	unimp
  e0:	1b1a                	slli	s6,s6,0x26
  e2:	0000                	unimp
  e4:	1b1a                	slli	s6,s6,0x26
  e6:	0000                	unimp
  e8:	1b1a                	slli	s6,s6,0x26
  ea:	0000                	unimp
  ec:	1b1a                	slli	s6,s6,0x26
  ee:	0000                	unimp
  f0:	17da                	slli	a5,a5,0x36
  f2:	0000                	unimp
  f4:	1b1a                	slli	s6,s6,0x26
  f6:	0000                	unimp
  f8:	1b1a                	slli	s6,s6,0x26
  fa:	0000                	unimp
  fc:	1b1a                	slli	s6,s6,0x26
	...

Disassembly of section .text:

00000100 <__riscv_save_12>:
     100:	7139                	addi	sp,sp,-64
     102:	4301                	li	t1,0
     104:	c66e                	sw	s11,12(sp)
     106:	a019                	j	10c <__riscv_save_10+0x4>

00000108 <__riscv_save_10>:
     108:	7139                	addi	sp,sp,-64
     10a:	5341                	li	t1,-16
     10c:	c86a                	sw	s10,16(sp)
     10e:	ca66                	sw	s9,20(sp)
     110:	cc62                	sw	s8,24(sp)
     112:	ce5e                	sw	s7,28(sp)
     114:	a019                	j	11a <__riscv_save_4+0x4>

00000116 <__riscv_save_4>:
     116:	7139                	addi	sp,sp,-64
     118:	5301                	li	t1,-32
     11a:	d05a                	sw	s6,32(sp)
     11c:	d256                	sw	s5,36(sp)
     11e:	d452                	sw	s4,40(sp)
     120:	d64e                	sw	s3,44(sp)
     122:	d84a                	sw	s2,48(sp)
     124:	da26                	sw	s1,52(sp)
     126:	dc22                	sw	s0,56(sp)
     128:	de06                	sw	ra,60(sp)
     12a:	40610133          	sub	sp,sp,t1
     12e:	8282                	jr	t0

00000130 <__riscv_save_0>:
     130:	1141                	addi	sp,sp,-16
     132:	c04a                	sw	s2,0(sp)
     134:	c226                	sw	s1,4(sp)
     136:	c422                	sw	s0,8(sp)
     138:	c606                	sw	ra,12(sp)
     13a:	8282                	jr	t0

0000013c <__riscv_restore_12>:
     13c:	4db2                	lw	s11,12(sp)
     13e:	0141                	addi	sp,sp,16

00000140 <__riscv_restore_10>:
     140:	4d02                	lw	s10,0(sp)
     142:	4c92                	lw	s9,4(sp)
     144:	4c22                	lw	s8,8(sp)
     146:	4bb2                	lw	s7,12(sp)
     148:	0141                	addi	sp,sp,16

0000014a <__riscv_restore_4>:
     14a:	4b02                	lw	s6,0(sp)
     14c:	4a92                	lw	s5,4(sp)
     14e:	4a22                	lw	s4,8(sp)
     150:	49b2                	lw	s3,12(sp)
     152:	0141                	addi	sp,sp,16

00000154 <__riscv_restore_0>:
     154:	4902                	lw	s2,0(sp)
     156:	4492                	lw	s1,4(sp)
     158:	4422                	lw	s0,8(sp)
     15a:	40b2                	lw	ra,12(sp)
     15c:	0141                	addi	sp,sp,16
     15e:	8082                	ret

00000160 <memset>:
     160:	433d                	li	t1,15
     162:	872a                	mv	a4,a0
     164:	02c37363          	bgeu	t1,a2,18a <memset+0x2a>
     168:	00f77793          	andi	a5,a4,15
     16c:	efbd                	bnez	a5,1ea <memset+0x8a>
     16e:	e5ad                	bnez	a1,1d8 <memset+0x78>
     170:	ff067693          	andi	a3,a2,-16
     174:	8a3d                	andi	a2,a2,15
     176:	96ba                	add	a3,a3,a4
     178:	c30c                	sw	a1,0(a4)
     17a:	c34c                	sw	a1,4(a4)
     17c:	c70c                	sw	a1,8(a4)
     17e:	c74c                	sw	a1,12(a4)
     180:	0741                	addi	a4,a4,16
     182:	fed76be3          	bltu	a4,a3,178 <memset+0x18>
     186:	e211                	bnez	a2,18a <memset+0x2a>
     188:	8082                	ret
     18a:	40c306b3          	sub	a3,t1,a2
     18e:	068a                	slli	a3,a3,0x2
     190:	00000297          	auipc	t0,0x0
     194:	9696                	add	a3,a3,t0
     196:	00a68067          	jr	10(a3)
     19a:	00b70723          	sb	a1,14(a4)
     19e:	00b706a3          	sb	a1,13(a4)
     1a2:	00b70623          	sb	a1,12(a4)
     1a6:	00b705a3          	sb	a1,11(a4)
     1aa:	00b70523          	sb	a1,10(a4)
     1ae:	00b704a3          	sb	a1,9(a4)
     1b2:	00b70423          	sb	a1,8(a4)
     1b6:	00b703a3          	sb	a1,7(a4)
     1ba:	00b70323          	sb	a1,6(a4)
     1be:	00b702a3          	sb	a1,5(a4)
     1c2:	00b70223          	sb	a1,4(a4)
     1c6:	00b701a3          	sb	a1,3(a4)
     1ca:	00b70123          	sb	a1,2(a4)
     1ce:	00b700a3          	sb	a1,1(a4)
     1d2:	00b70023          	sb	a1,0(a4)
     1d6:	8082                	ret
     1d8:	0ff5f593          	andi	a1,a1,255
     1dc:	00859693          	slli	a3,a1,0x8
     1e0:	8dd5                	or	a1,a1,a3
     1e2:	01059693          	slli	a3,a1,0x10
     1e6:	8dd5                	or	a1,a1,a3
     1e8:	b761                	j	170 <memset+0x10>
     1ea:	00279693          	slli	a3,a5,0x2
     1ee:	00000297          	auipc	t0,0x0
     1f2:	9696                	add	a3,a3,t0
     1f4:	8286                	mv	t0,ra
     1f6:	fa8680e7          	jalr	-88(a3)
     1fa:	8096                	mv	ra,t0
     1fc:	17c1                	addi	a5,a5,-16
     1fe:	8f1d                	sub	a4,a4,a5
     200:	963e                	add	a2,a2,a5
     202:	f8c374e3          	bgeu	t1,a2,18a <memset+0x2a>
     206:	b7a5                	j	16e <memset+0xe>

00000208 <strcmp>:
     208:	00b56733          	or	a4,a0,a1
     20c:	53fd                	li	t2,-1
     20e:	8b0d                	andi	a4,a4,3
     210:	e779                	bnez	a4,2de <strcmp+0xd6>
     212:	7f7f87b7          	lui	a5,0x7f7f8
     216:	f7f78793          	addi	a5,a5,-129 # 7f7f7f7f <_eusrstack+0x5f7f2f7f>
     21a:	4110                	lw	a2,0(a0)
     21c:	4194                	lw	a3,0(a1)
     21e:	00f672b3          	and	t0,a2,a5
     222:	00f66333          	or	t1,a2,a5
     226:	92be                	add	t0,t0,a5
     228:	0062e2b3          	or	t0,t0,t1
     22c:	0c729563          	bne	t0,t2,2f6 <strcmp+0xee>
     230:	06d61863          	bne	a2,a3,2a0 <strcmp+0x98>
     234:	4150                	lw	a2,4(a0)
     236:	41d4                	lw	a3,4(a1)
     238:	00f672b3          	and	t0,a2,a5
     23c:	00f66333          	or	t1,a2,a5
     240:	92be                	add	t0,t0,a5
     242:	0062e2b3          	or	t0,t0,t1
     246:	0a729663          	bne	t0,t2,2f2 <strcmp+0xea>
     24a:	04d61b63          	bne	a2,a3,2a0 <strcmp+0x98>
     24e:	4510                	lw	a2,8(a0)
     250:	4594                	lw	a3,8(a1)
     252:	00f672b3          	and	t0,a2,a5
     256:	00f66333          	or	t1,a2,a5
     25a:	92be                	add	t0,t0,a5
     25c:	0062e2b3          	or	t0,t0,t1
     260:	08729f63          	bne	t0,t2,2fe <strcmp+0xf6>
     264:	02d61e63          	bne	a2,a3,2a0 <strcmp+0x98>
     268:	4550                	lw	a2,12(a0)
     26a:	45d4                	lw	a3,12(a1)
     26c:	00f672b3          	and	t0,a2,a5
     270:	00f66333          	or	t1,a2,a5
     274:	92be                	add	t0,t0,a5
     276:	0062e2b3          	or	t0,t0,t1
     27a:	08729863          	bne	t0,t2,30a <strcmp+0x102>
     27e:	02d61163          	bne	a2,a3,2a0 <strcmp+0x98>
     282:	4910                	lw	a2,16(a0)
     284:	4994                	lw	a3,16(a1)
     286:	00f672b3          	and	t0,a2,a5
     28a:	00f66333          	or	t1,a2,a5
     28e:	92be                	add	t0,t0,a5
     290:	0062e2b3          	or	t0,t0,t1
     294:	08729163          	bne	t0,t2,316 <strcmp+0x10e>
     298:	0551                	addi	a0,a0,20
     29a:	05d1                	addi	a1,a1,20
     29c:	f6d60fe3          	beq	a2,a3,21a <strcmp+0x12>
     2a0:	01061713          	slli	a4,a2,0x10
     2a4:	01069793          	slli	a5,a3,0x10
     2a8:	00f71c63          	bne	a4,a5,2c0 <strcmp+0xb8>
     2ac:	01065713          	srli	a4,a2,0x10
     2b0:	0106d793          	srli	a5,a3,0x10
     2b4:	40f70533          	sub	a0,a4,a5
     2b8:	0ff57593          	andi	a1,a0,255
     2bc:	e991                	bnez	a1,2d0 <strcmp+0xc8>
     2be:	8082                	ret
     2c0:	8341                	srli	a4,a4,0x10
     2c2:	83c1                	srli	a5,a5,0x10
     2c4:	40f70533          	sub	a0,a4,a5
     2c8:	0ff57593          	andi	a1,a0,255
     2cc:	e191                	bnez	a1,2d0 <strcmp+0xc8>
     2ce:	8082                	ret
     2d0:	0ff77713          	andi	a4,a4,255
     2d4:	0ff7f793          	andi	a5,a5,255
     2d8:	40f70533          	sub	a0,a4,a5
     2dc:	8082                	ret
     2de:	2110                	lbu	a2,0(a0)
     2e0:	2194                	lbu	a3,0(a1)
     2e2:	0505                	addi	a0,a0,1
     2e4:	0585                	addi	a1,a1,1
     2e6:	00d61363          	bne	a2,a3,2ec <strcmp+0xe4>
     2ea:	fa75                	bnez	a2,2de <strcmp+0xd6>
     2ec:	40d60533          	sub	a0,a2,a3
     2f0:	8082                	ret
     2f2:	0511                	addi	a0,a0,4
     2f4:	0591                	addi	a1,a1,4
     2f6:	fed614e3          	bne	a2,a3,2de <strcmp+0xd6>
     2fa:	4501                	li	a0,0
     2fc:	8082                	ret
     2fe:	0521                	addi	a0,a0,8
     300:	05a1                	addi	a1,a1,8
     302:	fcd61ee3          	bne	a2,a3,2de <strcmp+0xd6>
     306:	4501                	li	a0,0
     308:	8082                	ret
     30a:	0531                	addi	a0,a0,12
     30c:	05b1                	addi	a1,a1,12
     30e:	fcd618e3          	bne	a2,a3,2de <strcmp+0xd6>
     312:	4501                	li	a0,0
     314:	8082                	ret
     316:	0541                	addi	a0,a0,16
     318:	05c1                	addi	a1,a1,16
     31a:	fcd612e3          	bne	a2,a3,2de <strcmp+0xd6>
     31e:	4501                	li	a0,0
     320:	8082                	ret

00000322 <ADC_Read_Channel>:
     322:	e0fff2ef          	jal	t0,130 <__riscv_save_0>
     326:	40012437          	lui	s0,0x40012
     32a:	85aa                	mv	a1,a0
     32c:	469d                	li	a3,7
     32e:	4605                	li	a2,1
     330:	40040513          	addi	a0,s0,1024 # 40012400 <_eusrstack+0x2000d400>
     334:	151010ef          	jal	ra,1c84 <ADC_RegularChannelConfig>
     338:	4585                	li	a1,1
     33a:	40040513          	addi	a0,s0,1024
     33e:	12f010ef          	jal	ra,1c6c <ADC_SoftwareStartConvCmd>
     342:	40040493          	addi	s1,s0,1024
     346:	4589                	li	a1,2
     348:	8526                	mv	a0,s1
     34a:	21b010ef          	jal	ra,1d64 <ADC_GetFlagStatus>
     34e:	dd65                	beqz	a0,346 <ADC_Read_Channel+0x24>
     350:	40040513          	addi	a0,s0,1024
     354:	1e9010ef          	jal	ra,1d3c <ADC_GetConversionValue>
     358:	bbf5                	j	154 <__riscv_restore_0>

0000035a <BSP_ADC_Init>:
     35a:	8481c703          	lbu	a4,-1976(gp) # 20000238 <_edata>
     35e:	e75d                	bnez	a4,40c <BSP_ADC_Init+0xb2>
     360:	dd1ff2ef          	jal	t0,130 <__riscv_save_0>
     364:	7179                	addi	sp,sp,-48
     366:	02000613          	li	a2,32
     36a:	4581                	li	a1,0
     36c:	0808                	addi	a0,sp,16
     36e:	84818413          	addi	s0,gp,-1976 # 20000238 <_edata>
     372:	33fd                	jal	160 <memset>
     374:	4585                	li	a1,1
     376:	20400513          	li	a0,516
     37a:	c202                	sw	zero,4(sp)
     37c:	c402                	sw	zero,8(sp)
     37e:	c602                	sw	zero,12(sp)
     380:	4c5010ef          	jal	ra,2044 <RCC_APB2PeriphClockCmd>
     384:	6521                	lui	a0,0x8
     386:	3d1010ef          	jal	ra,1f56 <RCC_ADCCLKConfig>
     38a:	40011537          	lui	a0,0x40011
     38e:	4789                	li	a5,2
     390:	004c                	addi	a1,sp,4
     392:	80050513          	addi	a0,a0,-2048 # 40010800 <_eusrstack+0x2000b800>
     396:	400124b7          	lui	s1,0x40012
     39a:	827c                	sh	a5,4(sp)
     39c:	c602                	sw	zero,12(sp)
     39e:	1d1010ef          	jal	ra,1d6e <GPIO_Init>
     3a2:	40048513          	addi	a0,s1,1024 # 40012400 <_eusrstack+0x2000d400>
     3a6:	7fc010ef          	jal	ra,1ba2 <ADC_DeInit>
     3aa:	000e07b7          	lui	a5,0xe0
     3ae:	080c                	addi	a1,sp,16
     3b0:	ce3e                	sw	a5,28(sp)
     3b2:	40048513          	addi	a0,s1,1024
     3b6:	4785                	li	a5,1
     3b8:	02f10223          	sb	a5,36(sp)
     3bc:	c802                	sw	zero,16(sp)
     3be:	ca02                	sw	zero,20(sp)
     3c0:	cc02                	sw	zero,24(sp)
     3c2:	d002                	sw	zero,32(sp)
     3c4:	01f010ef          	jal	ra,1be2 <ADC_Init>
     3c8:	4505                	li	a0,1
     3ca:	17b010ef          	jal	ra,1d44 <ADC_TempSensorVrefintCmd>
     3ce:	4585                	li	a1,1
     3d0:	40048513          	addi	a0,s1,1024
     3d4:	065010ef          	jal	ra,1c38 <ADC_Cmd>
     3d8:	40048513          	addi	a0,s1,1024
     3dc:	06d010ef          	jal	ra,1c48 <ADC_ResetCalibration>
     3e0:	40048913          	addi	s2,s1,1024
     3e4:	854a                	mv	a0,s2
     3e6:	06d010ef          	jal	ra,1c52 <ADC_GetResetCalibrationStatus>
     3ea:	fd6d                	bnez	a0,3e4 <BSP_ADC_Init+0x8a>
     3ec:	40048513          	addi	a0,s1,1024
     3f0:	400124b7          	lui	s1,0x40012
     3f4:	067010ef          	jal	ra,1c5a <ADC_StartCalibration>
     3f8:	40048493          	addi	s1,s1,1024 # 40012400 <_eusrstack+0x2000d400>
     3fc:	8526                	mv	a0,s1
     3fe:	067010ef          	jal	ra,1c64 <ADC_GetCalibrationStatus>
     402:	fd6d                	bnez	a0,3fc <BSP_ADC_Init+0xa2>
     404:	4785                	li	a5,1
     406:	a01c                	sb	a5,0(s0)
     408:	6145                	addi	sp,sp,48
     40a:	b3a9                	j	154 <__riscv_restore_0>
     40c:	8082                	ret

0000040e <BSP_ADC_DeInit>:
     40e:	d23ff2ef          	jal	t0,130 <__riscv_save_0>
     412:	84818413          	addi	s0,gp,-1976 # 20000238 <_edata>
     416:	201c                	lbu	a5,0(s0)
     418:	1141                	addi	sp,sp,-16
     41a:	c7a9                	beqz	a5,464 <BSP_ADC_DeInit+0x56>
     41c:	40012537          	lui	a0,0x40012
     420:	4581                	li	a1,0
     422:	40050513          	addi	a0,a0,1024 # 40012400 <_eusrstack+0x2000d400>
     426:	013010ef          	jal	ra,1c38 <ADC_Cmd>
     42a:	4501                	li	a0,0
     42c:	119010ef          	jal	ra,1d44 <ADC_TempSensorVrefintCmd>
     430:	4581                	li	a1,0
     432:	20000513          	li	a0,512
     436:	40f010ef          	jal	ra,2044 <RCC_APB2PeriphClockCmd>
     43a:	40011537          	lui	a0,0x40011
     43e:	4789                	li	a5,2
     440:	004c                	addi	a1,sp,4
     442:	80050513          	addi	a0,a0,-2048 # 40010800 <_eusrstack+0x2000b800>
     446:	00011323          	sh	zero,6(sp)
     44a:	00011423          	sh	zero,8(sp)
     44e:	00011523          	sh	zero,10(sp)
     452:	00011623          	sh	zero,12(sp)
     456:	00011723          	sh	zero,14(sp)
     45a:	827c                	sh	a5,4(sp)
     45c:	113010ef          	jal	ra,1d6e <GPIO_Init>
     460:	00040023          	sb	zero,0(s0)
     464:	0141                	addi	sp,sp,16
     466:	b1fd                	j	154 <__riscv_restore_0>

00000468 <BSP_ADC_GetBatteryVoltage_mV>:
     468:	cc9ff2ef          	jal	t0,130 <__riscv_save_0>
     46c:	8481c783          	lbu	a5,-1976(gp) # 20000238 <_edata>
     470:	e391                	bnez	a5,474 <BSP_ADC_GetBatteryVoltage_mV+0xc>
     472:	35e5                	jal	35a <BSP_ADC_Init>
     474:	44a1                	li	s1,8
     476:	4401                	li	s0,0
     478:	4505                	li	a0,1
     47a:	3565                	jal	322 <ADC_Read_Channel>
     47c:	14fd                	addi	s1,s1,-1
     47e:	942a                	add	s0,s0,a0
     480:	fce5                	bnez	s1,478 <BSP_ADC_GetBatteryVoltage_mV+0x10>
     482:	800d                	srli	s0,s0,0x3
     484:	4911                	li	s2,4
     486:	4545                	li	a0,17
     488:	3d69                	jal	322 <ADC_Read_Channel>
     48a:	197d                	addi	s2,s2,-1
     48c:	94aa                	add	s1,s1,a0
     48e:	fe091ce3          	bnez	s2,486 <BSP_ADC_GetBatteryVoltage_mV+0x1e>
     492:	8089                	srli	s1,s1,0x2
     494:	67c1                	lui	a5,0x10
     496:	01049693          	slli	a3,s1,0x10
     49a:	17fd                	addi	a5,a5,-1
     49c:	82c1                	srli	a3,a3,0x10
     49e:	1f400713          	li	a4,500
     4a2:	8c7d                	and	s0,s0,a5
     4a4:	00d77d63          	bgeu	a4,a3,4be <BSP_ADC_GetBatteryVoltage_mV+0x56>
     4a8:	6505                	lui	a0,0x1
     4aa:	96050513          	addi	a0,a0,-1696 # 960 <BSP_Key_Scan_10ms+0x3e>
     4ae:	02a40533          	mul	a0,s0,a0
     4b2:	8cfd                	and	s1,s1,a5
     4b4:	02955533          	divu	a0,a0,s1
     4b8:	0542                	slli	a0,a0,0x10
     4ba:	8141                	srli	a0,a0,0x10
     4bc:	b961                	j	154 <__riscv_restore_0>
     4be:	6509                	lui	a0,0x2
     4c0:	9c850513          	addi	a0,a0,-1592 # 19c8 <USBFS_IRQHandler+0x1ee>
     4c4:	02a40533          	mul	a0,s0,a0
     4c8:	8131                	srli	a0,a0,0xc
     4ca:	b7fd                	j	4b8 <BSP_ADC_GetBatteryVoltage_mV+0x50>

000004cc <BSP_CLI_Init>:
     4cc:	c65ff2ef          	jal	t0,130 <__riscv_save_0>
     4d0:	05000613          	li	a2,80
     4d4:	4581                	li	a1,0
     4d6:	8a818513          	addi	a0,gp,-1880 # 20000298 <s_cli_line>
     4da:	840184a3          	sb	zero,-1975(gp) # 20000239 <s_cli_len>
     4de:	3149                	jal	160 <memset>
     4e0:	b995                	j	154 <__riscv_restore_0>

000004e2 <BSP_CLI_Process>:
     4e2:	c1fff2ef          	jal	t0,100 <__riscv_save_12>
     4e6:	7159                	addi	sp,sp,-112
     4e8:	8a818913          	addi	s2,gp,-1880 # 20000298 <s_cli_line>
     4ec:	00004a37          	lui	s4,0x4
     4f0:	00004ab7          	lui	s5,0x4
     4f4:	00004bb7          	lui	s7,0x4
     4f8:	214010ef          	jal	ra,170c <USB_CDC_Available>
     4fc:	e119                	bnez	a0,502 <BSP_CLI_Process+0x20>
     4fe:	6165                	addi	sp,sp,112
     500:	b935                	j	13c <__riscv_restore_12>
     502:	22a010ef          	jal	ra,172c <USB_CDC_ReadByte>
     506:	fe054ce3          	bltz	a0,4fe <BSP_CLI_Process+0x1c>
     50a:	84918713          	addi	a4,gp,-1975 # 20000239 <s_cli_len>
     50e:	46b5                	li	a3,13
     510:	231c                	lbu	a5,0(a4)
     512:	84918993          	addi	s3,gp,-1975 # 20000239 <s_cli_len>
     516:	00d50563          	beq	a0,a3,520 <BSP_CLI_Process+0x3e>
     51a:	46a9                	li	a3,10
     51c:	2ad51e63          	bne	a0,a3,7d8 <BSP_CLI_Process+0x2f6>
     520:	dfe1                	beqz	a5,4f8 <BSP_CLI_Process+0x16>
     522:	8a818713          	addi	a4,gp,-1880 # 20000298 <s_cli_line>
     526:	97ba                	add	a5,a5,a4
     528:	00078023          	sb	zero,0(a5) # 10000 <_data_lma+0xb6f0>
     52c:	4c81                	li	s9,0
     52e:	04f00d13          	li	s10,79
     532:	4d89                	li	s11,2
     534:	019907b3          	add	a5,s2,s9
     538:	00078783          	lb	a5,0(a5)
     53c:	0ffcf713          	andi	a4,s9,255
     540:	c789                	beqz	a5,54a <BSP_CLI_Process+0x68>
     542:	09ac9463          	bne	s9,s10,5ca <BSP_CLI_Process+0xe8>
     546:	04f00713          	li	a4,79
     54a:	189c                	addi	a5,sp,112
     54c:	973e                	add	a4,a4,a5
     54e:	ca8a0593          	addi	a1,s4,-856 # 3ca8 <_read+0xc>
     552:	1008                	addi	a0,sp,32
     554:	fa070823          	sb	zero,-80(a4)
     558:	3945                	jal	208 <strcmp>
     55a:	e949                	bnez	a0,5ec <BSP_CLI_Process+0x10a>
     55c:	00004537          	lui	a0,0x4
     560:	cb050513          	addi	a0,a0,-848 # 3cb0 <_read+0x14>
     564:	4ee020ef          	jal	ra,2a52 <puts>
     568:	00004537          	lui	a0,0x4
     56c:	cdc50513          	addi	a0,a0,-804 # 3cdc <_read+0x40>
     570:	4e2020ef          	jal	ra,2a52 <puts>
     574:	00004537          	lui	a0,0x4
     578:	d1050513          	addi	a0,a0,-752 # 3d10 <_read+0x74>
     57c:	4d6020ef          	jal	ra,2a52 <puts>
     580:	00004537          	lui	a0,0x4
     584:	d4050513          	addi	a0,a0,-704 # 3d40 <_read+0xa4>
     588:	4ca020ef          	jal	ra,2a52 <puts>
     58c:	00004537          	lui	a0,0x4
     590:	d7050513          	addi	a0,a0,-656 # 3d70 <_read+0xd4>
     594:	3aa020ef          	jal	ra,293e <iprintf>
     598:	00004537          	lui	a0,0x4
     59c:	db450513          	addi	a0,a0,-588 # 3db4 <_read+0x118>
     5a0:	4b2020ef          	jal	ra,2a52 <puts>
     5a4:	00004537          	lui	a0,0x4
     5a8:	de450513          	addi	a0,a0,-540 # 3de4 <_read+0x148>
     5ac:	4a6020ef          	jal	ra,2a52 <puts>
     5b0:	00004537          	lui	a0,0x4
     5b4:	e1850513          	addi	a0,a0,-488 # 3e18 <_read+0x17c>
     5b8:	49a020ef          	jal	ra,2a52 <puts>
     5bc:	00004537          	lui	a0,0x4
     5c0:	e4050513          	addi	a0,a0,-448 # 3e40 <_read+0x1a4>
     5c4:	48e020ef          	jal	ra,2a52 <puts>
     5c8:	a89d                	j	63e <BSP_CLI_Process+0x15c>
     5ca:	0ff7fc13          	andi	s8,a5,255
     5ce:	274020ef          	jal	ra,2842 <__locale_ctype_ptr>
     5d2:	9562                	add	a0,a0,s8
     5d4:	3118                	lbu	a4,1(a0)
     5d6:	87e2                	mv	a5,s8
     5d8:	8b0d                	andi	a4,a4,3
     5da:	01b71463          	bne	a4,s11,5e2 <BSP_CLI_Process+0x100>
     5de:	fe0c0793          	addi	a5,s8,-32
     5e2:	1018                	addi	a4,sp,32
     5e4:	9766                	add	a4,a4,s9
     5e6:	a31c                	sb	a5,0(a4)
     5e8:	0c85                	addi	s9,s9,1
     5ea:	b7a9                	j	534 <BSP_CLI_Process+0x52>
     5ec:	e70a8593          	addi	a1,s5,-400 # 3e70 <_read+0x1d4>
     5f0:	1008                	addi	a0,sp,32
     5f2:	3919                	jal	208 <strcmp>
     5f4:	c901                	beqz	a0,604 <BSP_CLI_Process+0x122>
     5f6:	000045b7          	lui	a1,0x4
     5fa:	e6c58593          	addi	a1,a1,-404 # 3e6c <_read+0x1d0>
     5fe:	1008                	addi	a0,sp,32
     600:	3121                	jal	208 <strcmp>
     602:	e129                	bnez	a0,644 <BSP_CLI_Process+0x162>
     604:	527000ef          	jal	ra,132a <Gunlight_GetBatteryVoltage_mV>
     608:	ce2a                	sw	a0,28(sp)
     60a:	527000ef          	jal	ra,1330 <Gunlight_GetBatteryTier>
     60e:	cc2a                	sw	a0,24(sp)
     610:	4e7000ef          	jal	ra,12f6 <Gunlight_GetState>
     614:	ca2a                	sw	a0,20(sp)
     616:	521000ef          	jal	ra,1336 <Gunlight_GetStandbyTimeoutSec>
     61a:	c82a                	sw	a0,16(sp)
     61c:	537000ef          	jal	ra,1352 <Gunlight_GetPwm1Duty>
     620:	c62a                	sw	a0,12(sp)
     622:	537000ef          	jal	ra,1358 <Gunlight_GetPwm2Duty>
     626:	81c1a883          	lw	a7,-2020(gp) # 2000020c <SystemCoreClock>
     62a:	4842                	lw	a6,16(sp)
     62c:	4732                	lw	a4,12(sp)
     62e:	46d2                	lw	a3,20(sp)
     630:	4662                	lw	a2,24(sp)
     632:	45f2                	lw	a1,28(sp)
     634:	87aa                	mv	a5,a0
     636:	e78b8513          	addi	a0,s7,-392 # 3e78 <_read+0x1dc>
     63a:	304020ef          	jal	ra,293e <iprintf>
     63e:	00098023          	sb	zero,0(s3)
     642:	bd5d                	j	4f8 <BSP_CLI_Process+0x16>
     644:	000045b7          	lui	a1,0x4
     648:	4625                	li	a2,9
     64a:	ecc58593          	addi	a1,a1,-308 # 3ecc <_read+0x230>
     64e:	1008                	addi	a0,sp,32
     650:	40e020ef          	jal	ra,2a5e <strncmp>
     654:	ed0d                	bnez	a0,68e <BSP_CLI_Process+0x1ac>
     656:	02910513          	addi	a0,sp,41
     65a:	1dc020ef          	jal	ra,2836 <atoi>
     65e:	3e800793          	li	a5,1000
     662:	3e800593          	li	a1,1000
     666:	00a7c663          	blt	a5,a0,672 <BSP_CLI_Process+0x190>
     66a:	85aa                	mv	a1,a0
     66c:	00055363          	bgez	a0,672 <BSP_CLI_Process+0x190>
     670:	4581                	li	a1,0
     672:	01059513          	slli	a0,a1,0x10
     676:	8141                	srli	a0,a0,0x10
     678:	c62e                	sw	a1,12(sp)
     67a:	666000ef          	jal	ra,ce0 <BSP_PWM_SetDuty_PWM1>
     67e:	45b2                	lw	a1,12(sp)
     680:	00004537          	lui	a0,0x4
     684:	ed850513          	addi	a0,a0,-296 # 3ed8 <_read+0x23c>
     688:	2b6020ef          	jal	ra,293e <iprintf>
     68c:	bf4d                	j	63e <BSP_CLI_Process+0x15c>
     68e:	000045b7          	lui	a1,0x4
     692:	4625                	li	a2,9
     694:	ef058593          	addi	a1,a1,-272 # 3ef0 <_read+0x254>
     698:	1008                	addi	a0,sp,32
     69a:	3c4020ef          	jal	ra,2a5e <strncmp>
     69e:	e91d                	bnez	a0,6d4 <BSP_CLI_Process+0x1f2>
     6a0:	02910513          	addi	a0,sp,41
     6a4:	192020ef          	jal	ra,2836 <atoi>
     6a8:	3e800793          	li	a5,1000
     6ac:	3e800593          	li	a1,1000
     6b0:	00a7c663          	blt	a5,a0,6bc <BSP_CLI_Process+0x1da>
     6b4:	85aa                	mv	a1,a0
     6b6:	00055363          	bgez	a0,6bc <BSP_CLI_Process+0x1da>
     6ba:	4581                	li	a1,0
     6bc:	01059513          	slli	a0,a1,0x10
     6c0:	8141                	srli	a0,a0,0x10
     6c2:	c62e                	sw	a1,12(sp)
     6c4:	652000ef          	jal	ra,d16 <BSP_PWM_SetDuty_PWM2>
     6c8:	00004537          	lui	a0,0x4
     6cc:	45b2                	lw	a1,12(sp)
     6ce:	efc50513          	addi	a0,a0,-260 # 3efc <_read+0x260>
     6d2:	bf5d                	j	688 <BSP_CLI_Process+0x1a6>
     6d4:	000045b7          	lui	a1,0x4
     6d8:	4625                	li	a2,9
     6da:	f1458593          	addi	a1,a1,-236 # 3f14 <_read+0x278>
     6de:	1008                	addi	a0,sp,32
     6e0:	37e020ef          	jal	ra,2a5e <strncmp>
     6e4:	e515                	bnez	a0,710 <BSP_CLI_Process+0x22e>
     6e6:	02910513          	addi	a0,sp,41
     6ea:	14c020ef          	jal	ra,2836 <atoi>
     6ee:	4795                	li	a5,5
     6f0:	c62a                	sw	a0,12(sp)
     6f2:	00a7ea63          	bltu	a5,a0,706 <BSP_CLI_Process+0x224>
     6f6:	407000ef          	jal	ra,12fc <Gunlight_SetState>
     6fa:	00004537          	lui	a0,0x4
     6fe:	45b2                	lw	a1,12(sp)
     700:	f2050513          	addi	a0,a0,-224 # 3f20 <_read+0x284>
     704:	b751                	j	688 <BSP_CLI_Process+0x1a6>
     706:	00004537          	lui	a0,0x4
     70a:	f3850513          	addi	a0,a0,-200 # 3f38 <_read+0x29c>
     70e:	bd5d                	j	5c4 <BSP_CLI_Process+0xe2>
     710:	000045b7          	lui	a1,0x4
     714:	4631                	li	a2,12
     716:	f5458593          	addi	a1,a1,-172 # 3f54 <_read+0x2b8>
     71a:	1008                	addi	a0,sp,32
     71c:	342020ef          	jal	ra,2a5e <strncmp>
     720:	ed05                	bnez	a0,758 <BSP_CLI_Process+0x276>
     722:	1068                	addi	a0,sp,44
     724:	112020ef          	jal	ra,2836 <atoi>
     728:	6785                	lui	a5,0x1
     72a:	fff50713          	addi	a4,a0,-1
     72e:	e0f78793          	addi	a5,a5,-497 # e0f <BSP_PWM_Init+0xa7>
     732:	85aa                	mv	a1,a0
     734:	00e7ed63          	bltu	a5,a4,74e <BSP_CLI_Process+0x26c>
     738:	0542                	slli	a0,a0,0x10
     73a:	8141                	srli	a0,a0,0x10
     73c:	c62e                	sw	a1,12(sp)
     73e:	407000ef          	jal	ra,1344 <Gunlight_SetStandbyTimeoutSec>
     742:	00004537          	lui	a0,0x4
     746:	45b2                	lw	a1,12(sp)
     748:	f6450513          	addi	a0,a0,-156 # 3f64 <_read+0x2c8>
     74c:	bf35                	j	688 <BSP_CLI_Process+0x1a6>
     74e:	00004537          	lui	a0,0x4
     752:	f8450513          	addi	a0,a0,-124 # 3f84 <_read+0x2e8>
     756:	b5bd                	j	5c4 <BSP_CLI_Process+0xe2>
     758:	000045b7          	lui	a1,0x4
     75c:	fac58593          	addi	a1,a1,-84 # 3fac <_read+0x310>
     760:	1008                	addi	a0,sp,32
     762:	345d                	jal	208 <strcmp>
     764:	c901                	beqz	a0,774 <BSP_CLI_Process+0x292>
     766:	000045b7          	lui	a1,0x4
     76a:	fb058593          	addi	a1,a1,-80 # 3fb0 <_read+0x314>
     76e:	1008                	addi	a0,sp,32
     770:	3c61                	jal	208 <strcmp>
     772:	ed09                	bnez	a0,78c <BSP_CLI_Process+0x2aa>
     774:	00004537          	lui	a0,0x4
     778:	fbc50513          	addi	a0,a0,-68 # 3fbc <_read+0x320>
     77c:	2d6020ef          	jal	ra,2a52 <puts>
     780:	03200513          	li	a0,50
     784:	425010ef          	jal	ra,23a8 <Delay_Ms>
     788:	2049                	jal	80a <BSP_ISP_JumpToBootloader>
     78a:	bd55                	j	63e <BSP_CLI_Process+0x15c>
     78c:	000045b7          	lui	a1,0x4
     790:	fec58593          	addi	a1,a1,-20 # 3fec <_read+0x350>
     794:	1008                	addi	a0,sp,32
     796:	3c8d                	jal	208 <strcmp>
     798:	c901                	beqz	a0,7a8 <BSP_CLI_Process+0x2c6>
     79a:	000045b7          	lui	a1,0x4
     79e:	ff458593          	addi	a1,a1,-12 # 3ff4 <_read+0x358>
     7a2:	1008                	addi	a0,sp,32
     7a4:	3495                	jal	208 <strcmp>
     7a6:	e11d                	bnez	a0,7cc <BSP_CLI_Process+0x2ea>
     7a8:	00004537          	lui	a0,0x4
     7ac:	ffc50513          	addi	a0,a0,-4 # 3ffc <_read+0x360>
     7b0:	2a2020ef          	jal	ra,2a52 <puts>
     7b4:	03200513          	li	a0,50
     7b8:	3f1010ef          	jal	ra,23a8 <Delay_Ms>
     7bc:	beef07b7          	lui	a5,0xbeef0
     7c0:	e000e737          	lui	a4,0xe000e
     7c4:	08078793          	addi	a5,a5,128 # beef0080 <_eusrstack+0x9eeeb080>
     7c8:	c73c                	sw	a5,72(a4)
     7ca:	bd95                	j	63e <BSP_CLI_Process+0x15c>
     7cc:	00004537          	lui	a0,0x4
     7d0:	85ca                	mv	a1,s2
     7d2:	01050513          	addi	a0,a0,16 # 4010 <_read+0x374>
     7d6:	bd4d                	j	688 <BSP_CLI_Process+0x1a6>
     7d8:	46a1                	li	a3,8
     7da:	00d50663          	beq	a0,a3,7e6 <BSP_CLI_Process+0x304>
     7de:	07f00693          	li	a3,127
     7e2:	00d51863          	bne	a0,a3,7f2 <BSP_CLI_Process+0x310>
     7e6:	d00789e3          	beqz	a5,4f8 <BSP_CLI_Process+0x16>
     7ea:	17fd                	addi	a5,a5,-1
     7ec:	00f98023          	sb	a5,0(s3)
     7f0:	b321                	j	4f8 <BSP_CLI_Process+0x16>
     7f2:	04e00693          	li	a3,78
     7f6:	d0f6e1e3          	bltu	a3,a5,4f8 <BSP_CLI_Process+0x16>
     7fa:	00178693          	addi	a3,a5,1
     7fe:	a314                	sb	a3,0(a4)
     800:	8a818713          	addi	a4,gp,-1880 # 20000298 <s_cli_line>
     804:	97ba                	add	a5,a5,a4
     806:	a388                	sb	a0,0(a5)
     808:	b9c5                	j	4f8 <BSP_CLI_Process+0x16>

0000080a <BSP_ISP_JumpToBootloader>:
     80a:	927ff2ef          	jal	t0,130 <__riscv_save_0>
     80e:	00004537          	lui	a0,0x4
     812:	04850513          	addi	a0,a0,72 # 4048 <_read+0x3ac>
     816:	23c020ef          	jal	ra,2a52 <puts>
     81a:	2b0d                	jal	d4c <BSP_PWM_AllOff>
     81c:	3ecd                	jal	40e <BSP_ADC_DeInit>
     81e:	451d                	li	a0,7
     820:	26e9                	jal	bea <BSP_StatusLED_SetMode>
     822:	12c00513          	li	a0,300
     826:	383010ef          	jal	ra,23a8 <Delay_Ms>
     82a:	08800793          	li	a5,136
     82e:	8007b073          	csrc	0x800,a5
     832:	0000100f          	fence.i
     836:	24e1                	jal	afe <BSP_StatusLED_AllOff>
     838:	e000f7b7          	lui	a5,0xe000f
     83c:	0007a023          	sw	zero,0(a5) # e000f000 <_eusrstack+0xc000a000>
     840:	0007a223          	sw	zero,4(a5)
     844:	4681                	li	a3,0
     846:	c794                	sw	a3,8(a5)
     848:	4701                	li	a4,0
     84a:	c7d8                	sw	a4,12(a5)
     84c:	cb94                	sw	a3,16(a5)
     84e:	cbd8                	sw	a4,20(a5)
     850:	e000e5b7          	lui	a1,0xe000e
     854:	4781                	li	a5,0
     856:	56fd                	li	a3,-1
     858:	4621                	li	a2,8
     85a:	00279713          	slli	a4,a5,0x2
     85e:	972e                	add	a4,a4,a1
     860:	18d72023          	sw	a3,384(a4) # e000e180 <_eusrstack+0xc0009180>
     864:	28d72023          	sw	a3,640(a4)
     868:	0785                	addi	a5,a5,1
     86a:	fec798e3          	bne	a5,a2,85a <BSP_ISP_JumpToBootloader+0x50>
     86e:	4585                	li	a1,1
     870:	557d                	li	a0,-1
     872:	00f010ef          	jal	ra,2080 <RCC_APB2PeriphResetCmd>
     876:	4581                	li	a1,0
     878:	557d                	li	a0,-1
     87a:	007010ef          	jal	ra,2080 <RCC_APB2PeriphResetCmd>
     87e:	4585                	li	a1,1
     880:	557d                	li	a0,-1
     882:	01d010ef          	jal	ra,209e <RCC_APB1PeriphResetCmd>
     886:	4581                	li	a1,0
     888:	557d                	li	a0,-1
     88a:	015010ef          	jal	ra,209e <RCC_APB1PeriphResetCmd>
     88e:	66c010ef          	jal	ra,1efa <RCC_DeInit>
     892:	30501073          	csrw	mtvec,zero
     896:	000022b7          	lui	t0,0x2
     89a:	80028293          	addi	t0,t0,-2048 # 1800 <USBFS_IRQHandler+0x26>
     89e:	30029073          	csrw	mstatus,t0
     8a2:	20005137          	lui	sp,0x20005
     8a6:	1ffff2b7          	lui	t0,0x1ffff
     8aa:	8282                	jr	t0
     8ac:	a001                	j	8ac <BSP_ISP_JumpToBootloader+0xa2>

000008ae <BSP_Key_Init>:
     8ae:	883ff2ef          	jal	t0,130 <__riscv_save_0>
     8b2:	1141                	addi	sp,sp,-16
     8b4:	4585                	li	a1,1
     8b6:	4511                	li	a0,4
     8b8:	c202                	sw	zero,4(sp)
     8ba:	c402                	sw	zero,8(sp)
     8bc:	c602                	sw	zero,12(sp)
     8be:	786010ef          	jal	ra,2044 <RCC_APB2PeriphClockCmd>
     8c2:	4785                	li	a5,1
     8c4:	40011437          	lui	s0,0x40011
     8c8:	827c                	sh	a5,4(sp)
     8ca:	02800793          	li	a5,40
     8ce:	c63e                	sw	a5,12(sp)
     8d0:	004c                	addi	a1,sp,4
     8d2:	478d                	li	a5,3
     8d4:	80040513          	addi	a0,s0,-2048 # 40010800 <_eusrstack+0x2000b800>
     8d8:	c43e                	sw	a5,8(sp)
     8da:	494010ef          	jal	ra,1d6e <GPIO_Init>
     8de:	04000793          	li	a5,64
     8e2:	827c                	sh	a5,4(sp)
     8e4:	004c                	addi	a1,sp,4
     8e6:	04800793          	li	a5,72
     8ea:	80040513          	addi	a0,s0,-2048
     8ee:	c63e                	sw	a5,12(sp)
     8f0:	47e010ef          	jal	ra,1d6e <GPIO_Init>
     8f4:	8401a623          	sw	zero,-1972(gp) # 2000023c <s_key_state>
     8f8:	84019823          	sh	zero,-1968(gp) # 20000240 <s_press_timer>
     8fc:	84019523          	sh	zero,-1974(gp) # 2000023a <s_double_timer>
     900:	0141                	addi	sp,sp,16
     902:	853ff06f          	j	154 <__riscv_restore_0>

00000906 <BSP_MainKey_IsPressed>:
     906:	82bff2ef          	jal	t0,130 <__riscv_save_0>
     90a:	40011537          	lui	a0,0x40011
     90e:	4585                	li	a1,1
     910:	80050513          	addi	a0,a0,-2048 # 40010800 <_eusrstack+0x2000b800>
     914:	54c010ef          	jal	ra,1e60 <GPIO_ReadInputDataBit>
     918:	157d                	addi	a0,a0,-1
     91a:	00153513          	seqz	a0,a0
     91e:	837ff06f          	j	154 <__riscv_restore_0>

00000922 <BSP_Key_Scan_10ms>:
     922:	80fff2ef          	jal	t0,130 <__riscv_save_0>
     926:	37c5                	jal	906 <BSP_MainKey_IsPressed>
     928:	84c18693          	addi	a3,gp,-1972 # 2000023c <s_key_state>
     92c:	4298                	lw	a4,0(a3)
     92e:	4621                	li	a2,8
     930:	10e66063          	bltu	a2,a4,a30 <BSP_Key_Scan_10ms+0x10e>
     934:	6691                	lui	a3,0x4
     936:	070a                	slli	a4,a4,0x2
     938:	07c68693          	addi	a3,a3,124 # 407c <_read+0x3e0>
     93c:	9736                	add	a4,a4,a3
     93e:	4318                	lw	a4,0(a4)
     940:	84c18793          	addi	a5,gp,-1972 # 2000023c <s_key_state>
     944:	8702                	jr	a4
     946:	e119                	bnez	a0,94c <BSP_Key_Scan_10ms+0x2a>
     948:	4501                	li	a0,0
     94a:	a099                	j	990 <BSP_Key_Scan_10ms+0x6e>
     94c:	4705                	li	a4,1
     94e:	c398                	sw	a4,0(a5)
     950:	84019823          	sh	zero,-1968(gp) # 20000240 <s_press_timer>
     954:	bfd5                	j	948 <BSP_Key_Scan_10ms+0x26>
     956:	c971                	beqz	a0,a2a <BSP_Key_Scan_10ms+0x108>
     958:	85018693          	addi	a3,gp,-1968 # 20000240 <s_press_timer>
     95c:	229a                	lhu	a4,0(a3)
     95e:	0705                	addi	a4,a4,1
     960:	0742                	slli	a4,a4,0x10
     962:	8341                	srli	a4,a4,0x10
     964:	a29a                	sh	a4,0(a3)
     966:	4685                	li	a3,1
     968:	fee6f0e3          	bgeu	a3,a4,948 <BSP_Key_Scan_10ms+0x26>
     96c:	4709                	li	a4,2
     96e:	c398                	sw	a4,0(a5)
     970:	bfe1                	j	948 <BSP_Key_Scan_10ms+0x26>
     972:	c10d                	beqz	a0,994 <BSP_Key_Scan_10ms+0x72>
     974:	85018693          	addi	a3,gp,-1968 # 20000240 <s_press_timer>
     978:	229a                	lhu	a4,0(a3)
     97a:	0705                	addi	a4,a4,1
     97c:	0742                	slli	a4,a4,0x10
     97e:	8341                	srli	a4,a4,0x10
     980:	a29a                	sh	a4,0(a3)
     982:	07700693          	li	a3,119
     986:	fce6f1e3          	bgeu	a3,a4,948 <BSP_Key_Scan_10ms+0x26>
     98a:	4721                	li	a4,8
     98c:	c398                	sw	a4,0(a5)
     98e:	4511                	li	a0,4
     990:	fc4ff06f          	j	154 <__riscv_restore_0>
     994:	470d                	li	a4,3
     996:	c398                	sw	a4,0(a5)
     998:	84019523          	sh	zero,-1974(gp) # 2000023a <s_double_timer>
     99c:	b775                	j	948 <BSP_Key_Scan_10ms+0x26>
     99e:	84a18693          	addi	a3,gp,-1974 # 2000023a <s_double_timer>
     9a2:	229a                	lhu	a4,0(a3)
     9a4:	0705                	addi	a4,a4,1
     9a6:	0742                	slli	a4,a4,0x10
     9a8:	8341                	srli	a4,a4,0x10
     9aa:	a29a                	sh	a4,0(a3)
     9ac:	c119                	beqz	a0,9b2 <BSP_Key_Scan_10ms+0x90>
     9ae:	4711                	li	a4,4
     9b0:	bf79                	j	94e <BSP_Key_Scan_10ms+0x2c>
     9b2:	46f5                	li	a3,29
     9b4:	f8e6fae3          	bgeu	a3,a4,948 <BSP_Key_Scan_10ms+0x26>
     9b8:	0007a023          	sw	zero,0(a5)
     9bc:	4505                	li	a0,1
     9be:	bfc9                	j	990 <BSP_Key_Scan_10ms+0x6e>
     9c0:	dd65                	beqz	a0,9b8 <BSP_Key_Scan_10ms+0x96>
     9c2:	85018693          	addi	a3,gp,-1968 # 20000240 <s_press_timer>
     9c6:	229a                	lhu	a4,0(a3)
     9c8:	0705                	addi	a4,a4,1
     9ca:	0742                	slli	a4,a4,0x10
     9cc:	8341                	srli	a4,a4,0x10
     9ce:	a29a                	sh	a4,0(a3)
     9d0:	4685                	li	a3,1
     9d2:	f6e6fbe3          	bgeu	a3,a4,948 <BSP_Key_Scan_10ms+0x26>
     9d6:	4715                	li	a4,5
     9d8:	bf59                	j	96e <BSP_Key_Scan_10ms+0x4c>
     9da:	fd49                	bnez	a0,974 <BSP_Key_Scan_10ms+0x52>
     9dc:	4719                	li	a4,6
     9de:	c398                	sw	a4,0(a5)
     9e0:	84019523          	sh	zero,-1974(gp) # 2000023a <s_double_timer>
     9e4:	b775                	j	990 <BSP_Key_Scan_10ms+0x6e>
     9e6:	84a18693          	addi	a3,gp,-1974 # 2000023a <s_double_timer>
     9ea:	229a                	lhu	a4,0(a3)
     9ec:	0705                	addi	a4,a4,1
     9ee:	0742                	slli	a4,a4,0x10
     9f0:	8341                	srli	a4,a4,0x10
     9f2:	a29a                	sh	a4,0(a3)
     9f4:	c119                	beqz	a0,9fa <BSP_Key_Scan_10ms+0xd8>
     9f6:	471d                	li	a4,7
     9f8:	bf99                	j	94e <BSP_Key_Scan_10ms+0x2c>
     9fa:	46f5                	li	a3,29
     9fc:	f4e6f6e3          	bgeu	a3,a4,948 <BSP_Key_Scan_10ms+0x26>
     a00:	0007a023          	sw	zero,0(a5)
     a04:	4509                	li	a0,2
     a06:	b769                	j	990 <BSP_Key_Scan_10ms+0x6e>
     a08:	dd65                	beqz	a0,a00 <BSP_Key_Scan_10ms+0xde>
     a0a:	85018693          	addi	a3,gp,-1968 # 20000240 <s_press_timer>
     a0e:	229a                	lhu	a4,0(a3)
     a10:	0705                	addi	a4,a4,1
     a12:	0742                	slli	a4,a4,0x10
     a14:	8341                	srli	a4,a4,0x10
     a16:	a29a                	sh	a4,0(a3)
     a18:	4685                	li	a3,1
     a1a:	f2e6f7e3          	bgeu	a3,a4,948 <BSP_Key_Scan_10ms+0x26>
     a1e:	4721                	li	a4,8
     a20:	c398                	sw	a4,0(a5)
     a22:	450d                	li	a0,3
     a24:	b7b5                	j	990 <BSP_Key_Scan_10ms+0x6e>
     a26:	f20511e3          	bnez	a0,948 <BSP_Key_Scan_10ms+0x26>
     a2a:	0007a023          	sw	zero,0(a5)
     a2e:	bf29                	j	948 <BSP_Key_Scan_10ms+0x26>
     a30:	0006a023          	sw	zero,0(a3)
     a34:	bf11                	j	948 <BSP_Key_Scan_10ms+0x26>

00000a36 <BSP_AuxKey_Scan_10ms>:
     a36:	efaff2ef          	jal	t0,130 <__riscv_save_0>
     a3a:	40011537          	lui	a0,0x40011
     a3e:	04000593          	li	a1,64
     a42:	80050513          	addi	a0,a0,-2048 # 40010800 <_eusrstack+0x2000b800>
     a46:	41a010ef          	jal	ra,1e60 <GPIO_ReadInputDataBit>
     a4a:	200007b7          	lui	a5,0x20000
     a4e:	1f07c603          	lbu	a2,496(a5) # 200001f0 <s_aux_last_state>
     a52:	4685                	li	a3,1
     a54:	1f078713          	addi	a4,a5,496
     a58:	00153793          	seqz	a5,a0
     a5c:	00d60863          	beq	a2,a3,a6c <BSP_AuxKey_Scan_10ms+0x36>
     a60:	4781                	li	a5,0
     a62:	e609                	bnez	a2,a6c <BSP_AuxKey_Scan_10ms+0x36>
     a64:	4789                	li	a5,2
     a66:	00d50363          	beq	a0,a3,a6c <BSP_AuxKey_Scan_10ms+0x36>
     a6a:	4781                	li	a5,0
     a6c:	a308                	sb	a0,0(a4)
     a6e:	853e                	mv	a0,a5
     a70:	ee4ff06f          	j	154 <__riscv_restore_0>

00000a74 <ws2812_send_24bit>:
     a74:	ebcff2ef          	jal	t0,130 <__riscv_save_0>
     a78:	0522                	slli	a0,a0,0x8
     a7a:	8e49                	or	a2,a2,a0
     a7c:	01059513          	slli	a0,a1,0x10
     a80:	8d51                	or	a0,a0,a2
     a82:	08800793          	li	a5,136
     a86:	8007b073          	csrc	0x800,a5
     a8a:	0000100f          	fence.i
     a8e:	8041a303          	lw	t1,-2044(gp) # 200001f4 <s_t0h_cycles>
     a92:	8081ae03          	lw	t3,-2040(gp) # 200001f8 <s_t0l_cycles>
     a96:	80c1a803          	lw	a6,-2036(gp) # 200001fc <s_t1h_cycles>
     a9a:	8101a883          	lw	a7,-2032(gp) # 20000200 <s_t1l_cycles>
     a9e:	40011eb7          	lui	t4,0x40011
     aa2:	47dd                	li	a5,23
     aa4:	4741                	li	a4,16
     aa6:	55fd                	li	a1,-1
     aa8:	00f55633          	srl	a2,a0,a5
     aac:	800e8693          	addi	a3,t4,-2048 # 40010800 <_eusrstack+0x2000b800>
     ab0:	8a05                	andi	a2,a2,1
     ab2:	ca98                	sw	a4,16(a3)
     ab4:	ca15                	beqz	a2,ae8 <ws2812_send_24bit+0x74>
     ab6:	8642                	mv	a2,a6
     ab8:	167d                	addi	a2,a2,-1
     aba:	fe7d                	bnez	a2,ab8 <ws2812_send_24bit+0x44>
     abc:	cad8                	sw	a4,20(a3)
     abe:	86c6                	mv	a3,a7
     ac0:	16fd                	addi	a3,a3,-1
     ac2:	fefd                	bnez	a3,ac0 <ws2812_send_24bit+0x4c>
     ac4:	17fd                	addi	a5,a5,-1
     ac6:	feb791e3          	bne	a5,a1,aa8 <ws2812_send_24bit+0x34>
     aca:	08800793          	li	a5,136
     ace:	8007a073          	csrs	0x800,a5
     ad2:	400117b7          	lui	a5,0x40011
     ad6:	4741                	li	a4,16
     ad8:	80e7aa23          	sw	a4,-2028(a5) # 40010814 <_eusrstack+0x2000b814>
     adc:	05000513          	li	a0,80
     ae0:	093010ef          	jal	ra,2372 <Delay_Us>
     ae4:	e70ff06f          	j	154 <__riscv_restore_0>
     ae8:	861a                	mv	a2,t1
     aea:	167d                	addi	a2,a2,-1
     aec:	fe7d                	bnez	a2,aea <ws2812_send_24bit+0x76>
     aee:	cad8                	sw	a4,20(a3)
     af0:	86f2                	mv	a3,t3
     af2:	b7f9                	j	ac0 <ws2812_send_24bit+0x4c>

00000af4 <BSP_StatusLED_SetColor>:
     af4:	e3cff2ef          	jal	t0,130 <__riscv_save_0>
     af8:	3fb5                	jal	a74 <ws2812_send_24bit>
     afa:	e5aff06f          	j	154 <__riscv_restore_0>

00000afe <BSP_StatusLED_AllOff>:
     afe:	e32ff2ef          	jal	t0,130 <__riscv_save_0>
     b02:	4601                	li	a2,0
     b04:	8401aa23          	sw	zero,-1964(gp) # 20000244 <s_current_mode>
     b08:	4581                	li	a1,0
     b0a:	4501                	li	a0,0
     b0c:	84019c23          	sh	zero,-1960(gp) # 20000248 <s_led_timer>
     b10:	3795                	jal	a74 <ws2812_send_24bit>
     b12:	40011537          	lui	a0,0x40011
     b16:	45c1                	li	a1,16
     b18:	80050513          	addi	a0,a0,-2048 # 40010800 <_eusrstack+0x2000b800>
     b1c:	35e010ef          	jal	ra,1e7a <GPIO_ResetBits>
     b20:	e34ff06f          	j	154 <__riscv_restore_0>

00000b24 <BSP_StatusLED_Init>:
     b24:	e0cff2ef          	jal	t0,130 <__riscv_save_0>
     b28:	1141                	addi	sp,sp,-16
     b2a:	4585                	li	a1,1
     b2c:	4511                	li	a0,4
     b2e:	c202                	sw	zero,4(sp)
     b30:	c402                	sw	zero,8(sp)
     b32:	c602                	sw	zero,12(sp)
     b34:	510010ef          	jal	ra,2044 <RCC_APB2PeriphClockCmd>
     b38:	47c1                	li	a5,16
     b3a:	827c                	sh	a5,4(sp)
     b3c:	40011537          	lui	a0,0x40011
     b40:	47c1                	li	a5,16
     b42:	c63e                	sw	a5,12(sp)
     b44:	004c                	addi	a1,sp,4
     b46:	478d                	li	a5,3
     b48:	80050513          	addi	a0,a0,-2048 # 40010800 <_eusrstack+0x2000b800>
     b4c:	c43e                	sw	a5,8(sp)
     b4e:	220010ef          	jal	ra,1d6e <GPIO_Init>
     b52:	81c1a683          	lw	a3,-2020(gp) # 2000020c <SystemCoreClock>
     b56:	000f4737          	lui	a4,0xf4
     b5a:	23f70613          	addi	a2,a4,575 # f423f <_data_lma+0xef92f>
     b5e:	47a1                	li	a5,8
     b60:	00d67663          	bgeu	a2,a3,b6c <BSP_StatusLED_Init+0x48>
     b64:	24070793          	addi	a5,a4,576
     b68:	02f6d7b3          	divu	a5,a3,a5
     b6c:	12c00313          	li	t1,300
     b70:	6885                	lui	a7,0x1
     b72:	bb888713          	addi	a4,a7,-1096 # bb8 <BSP_StatusLED_Init+0x94>
     b76:	32000513          	li	a0,800
     b7a:	80418813          	addi	a6,gp,-2044 # 200001f4 <s_t0h_cycles>
     b7e:	76f88893          	addi	a7,a7,1903
     b82:	02678333          	mul	t1,a5,t1
     b86:	02e356b3          	divu	a3,t1,a4
     b8a:	02a78533          	mul	a0,a5,a0
     b8e:	00d82023          	sw	a3,0(a6)
     b92:	02e556b3          	divu	a3,a0,a4
     b96:	80d1a423          	sw	a3,-2040(gp) # 200001f8 <s_t0l_cycles>
     b9a:	80d1a623          	sw	a3,-2036(gp) # 200001fc <s_t1h_cycles>
     b9e:	15e00693          	li	a3,350
     ba2:	02d787b3          	mul	a5,a5,a3
     ba6:	80818593          	addi	a1,gp,-2040 # 200001f8 <s_t0l_cycles>
     baa:	80c18613          	addi	a2,gp,-2036 # 200001fc <s_t1h_cycles>
     bae:	02e7d733          	divu	a4,a5,a4
     bb2:	80e1a823          	sw	a4,-2032(gp) # 20000200 <s_t1l_cycles>
     bb6:	81018693          	addi	a3,gp,-2032 # 20000200 <s_t1l_cycles>
     bba:	0068e563          	bltu	a7,t1,bc4 <BSP_StatusLED_Init+0xa0>
     bbe:	4709                	li	a4,2
     bc0:	00e82023          	sw	a4,0(a6)
     bc4:	670d                	lui	a4,0x3
     bc6:	edf70713          	addi	a4,a4,-289 # 2edf <__sflush_r+0x12b>
     bca:	00a76563          	bltu	a4,a0,bd4 <BSP_StatusLED_Init+0xb0>
     bce:	4711                	li	a4,4
     bd0:	c198                	sw	a4,0(a1)
     bd2:	c218                	sw	a4,0(a2)
     bd4:	6705                	lui	a4,0x1
     bd6:	76f70713          	addi	a4,a4,1903 # 176f <USB_CDC_SendBytes+0x19>
     bda:	00f76463          	bltu	a4,a5,be2 <BSP_StatusLED_Init+0xbe>
     bde:	4789                	li	a5,2
     be0:	c29c                	sw	a5,0(a3)
     be2:	3f31                	jal	afe <BSP_StatusLED_AllOff>
     be4:	0141                	addi	sp,sp,16
     be6:	d6eff06f          	j	154 <__riscv_restore_0>

00000bea <BSP_StatusLED_SetMode>:
     bea:	85418793          	addi	a5,gp,-1964 # 20000244 <s_current_mode>
     bee:	4398                	lw	a4,0(a5)
     bf0:	06a70663          	beq	a4,a0,c5c <BSP_StatusLED_SetMode+0x72>
     bf4:	c388                	sw	a0,0(a5)
     bf6:	84019c23          	sh	zero,-1960(gp) # 20000248 <s_led_timer>
     bfa:	479d                	li	a5,7
     bfc:	06a7e063          	bltu	a5,a0,c5c <BSP_StatusLED_SetMode+0x72>
     c00:	d30ff2ef          	jal	t0,130 <__riscv_save_0>
     c04:	6791                	lui	a5,0x4
     c06:	0a078793          	addi	a5,a5,160 # 40a0 <_read+0x404>
     c0a:	050a                	slli	a0,a0,0x2
     c0c:	953e                	add	a0,a0,a5
     c0e:	411c                	lw	a5,0(a0)
     c10:	8782                	jr	a5
     c12:	4601                	li	a2,0
     c14:	4581                	li	a1,0
     c16:	4501                	li	a0,0
     c18:	3db1                	jal	a74 <ws2812_send_24bit>
     c1a:	d3aff06f          	j	154 <__riscv_restore_0>
     c1e:	4601                	li	a2,0
     c20:	0ff00593          	li	a1,255
     c24:	bfcd                	j	c16 <BSP_StatusLED_SetMode+0x2c>
     c26:	0ff00613          	li	a2,255
     c2a:	07800593          	li	a1,120
     c2e:	b7e5                	j	c16 <BSP_StatusLED_SetMode+0x2c>
     c30:	4601                	li	a2,0
     c32:	0a000593          	li	a1,160
     c36:	0ff00513          	li	a0,255
     c3a:	bff9                	j	c18 <BSP_StatusLED_SetMode+0x2e>
     c3c:	4601                	li	a2,0
     c3e:	4581                	li	a1,0
     c40:	bfdd                	j	c36 <BSP_StatusLED_SetMode+0x4c>
     c42:	0ff00613          	li	a2,255
     c46:	bfe9                	j	c20 <BSP_StatusLED_SetMode+0x36>
     c48:	0ff00613          	li	a2,255
     c4c:	4581                	li	a1,0
     c4e:	0c800513          	li	a0,200
     c52:	b7d9                	j	c18 <BSP_StatusLED_SetMode+0x2e>
     c54:	4601                	li	a2,0
     c56:	0c800593          	li	a1,200
     c5a:	bff1                	j	c36 <BSP_StatusLED_SetMode+0x4c>
     c5c:	8082                	ret

00000c5e <BSP_StatusLED_Process_10ms>:
     c5e:	cd2ff2ef          	jal	t0,130 <__riscv_save_0>
     c62:	85818713          	addi	a4,gp,-1960 # 20000248 <s_led_timer>
     c66:	231e                	lhu	a5,0(a4)
     c68:	8541a683          	lw	a3,-1964(gp) # 20000244 <s_current_mode>
     c6c:	0785                	addi	a5,a5,1
     c6e:	07c2                	slli	a5,a5,0x10
     c70:	83c1                	srli	a5,a5,0x10
     c72:	a31e                	sh	a5,0(a4)
     c74:	4611                	li	a2,4
     c76:	02c68e63          	beq	a3,a2,cb2 <BSP_StatusLED_Process_10ms+0x54>
     c7a:	4615                	li	a2,5
     c7c:	04c68663          	beq	a3,a2,cc8 <BSP_StatusLED_Process_10ms+0x6a>
     c80:	460d                	li	a2,3
     c82:	02c69663          	bne	a3,a2,cae <BSP_StatusLED_Process_10ms+0x50>
     c86:	03200693          	li	a3,50
     c8a:	00d79663          	bne	a5,a3,c96 <BSP_StatusLED_Process_10ms+0x38>
     c8e:	4601                	li	a2,0
     c90:	4581                	li	a1,0
     c92:	4501                	li	a0,0
     c94:	a821                	j	cac <BSP_StatusLED_Process_10ms+0x4e>
     c96:	06300693          	li	a3,99
     c9a:	00f6fa63          	bgeu	a3,a5,cae <BSP_StatusLED_Process_10ms+0x50>
     c9e:	00071023          	sh	zero,0(a4)
     ca2:	4601                	li	a2,0
     ca4:	0a000593          	li	a1,160
     ca8:	0ff00513          	li	a0,255
     cac:	33e1                	jal	a74 <ws2812_send_24bit>
     cae:	ca6ff06f          	j	154 <__riscv_restore_0>
     cb2:	46b1                	li	a3,12
     cb4:	fcd78de3          	beq	a5,a3,c8e <BSP_StatusLED_Process_10ms+0x30>
     cb8:	46e1                	li	a3,24
     cba:	fef6fae3          	bgeu	a3,a5,cae <BSP_StatusLED_Process_10ms+0x50>
     cbe:	00071023          	sh	zero,0(a4)
     cc2:	4601                	li	a2,0
     cc4:	4581                	li	a1,0
     cc6:	b7cd                	j	ca8 <BSP_StatusLED_Process_10ms+0x4a>
     cc8:	fcd783e3          	beq	a5,a3,c8e <BSP_StatusLED_Process_10ms+0x30>
     ccc:	46a5                	li	a3,9
     cce:	fef6f0e3          	bgeu	a3,a5,cae <BSP_StatusLED_Process_10ms+0x50>
     cd2:	00071023          	sh	zero,0(a4)
     cd6:	0ff00613          	li	a2,255
     cda:	0ff00593          	li	a1,255
     cde:	bf55                	j	c92 <BSP_StatusLED_Process_10ms+0x34>

00000ce0 <BSP_PWM_SetDuty_PWM1>:
     ce0:	c50ff2ef          	jal	t0,130 <__riscv_save_0>
     ce4:	3e800793          	li	a5,1000
     ce8:	3e800593          	li	a1,1000
     cec:	00a7e363          	bltu	a5,a0,cf2 <BSP_PWM_SetDuty_PWM1+0x12>
     cf0:	85aa                	mv	a1,a0
     cf2:	8141a783          	lw	a5,-2028(gp) # 20000204 <s_pwm_arr>
     cf6:	05c2                	slli	a1,a1,0x10
     cf8:	81c1                	srli	a1,a1,0x10
     cfa:	02f585b3          	mul	a1,a1,a5
     cfe:	3e800793          	li	a5,1000
     d02:	40000537          	lui	a0,0x40000
     d06:	02f5d5b3          	divu	a1,a1,a5
     d0a:	05c2                	slli	a1,a1,0x10
     d0c:	81c1                	srli	a1,a1,0x10
     d0e:	566010ef          	jal	ra,2274 <TIM_SetCompare3>
     d12:	c42ff06f          	j	154 <__riscv_restore_0>

00000d16 <BSP_PWM_SetDuty_PWM2>:
     d16:	c1aff2ef          	jal	t0,130 <__riscv_save_0>
     d1a:	3e800793          	li	a5,1000
     d1e:	3e800593          	li	a1,1000
     d22:	00a7e363          	bltu	a5,a0,d28 <BSP_PWM_SetDuty_PWM2+0x12>
     d26:	85aa                	mv	a1,a0
     d28:	8141a783          	lw	a5,-2028(gp) # 20000204 <s_pwm_arr>
     d2c:	05c2                	slli	a1,a1,0x10
     d2e:	81c1                	srli	a1,a1,0x10
     d30:	02f585b3          	mul	a1,a1,a5
     d34:	3e800793          	li	a5,1000
     d38:	40000537          	lui	a0,0x40000
     d3c:	02f5d5b3          	divu	a1,a1,a5
     d40:	05c2                	slli	a1,a1,0x10
     d42:	81c1                	srli	a1,a1,0x10
     d44:	534010ef          	jal	ra,2278 <TIM_SetCompare4>
     d48:	c0cff06f          	j	154 <__riscv_restore_0>

00000d4c <BSP_PWM_AllOff>:
     d4c:	be4ff2ef          	jal	t0,130 <__riscv_save_0>
     d50:	4581                	li	a1,0
     d52:	40000537          	lui	a0,0x40000
     d56:	51e010ef          	jal	ra,2274 <TIM_SetCompare3>
     d5a:	4581                	li	a1,0
     d5c:	40000537          	lui	a0,0x40000
     d60:	518010ef          	jal	ra,2278 <TIM_SetCompare4>
     d64:	bf0ff06f          	j	154 <__riscv_restore_0>

00000d68 <BSP_PWM_Init>:
     d68:	bc8ff2ef          	jal	t0,130 <__riscv_save_0>
     d6c:	7179                	addi	sp,sp,-48
     d6e:	4585                	li	a1,1
     d70:	4511                	li	a0,4
     d72:	ca02                	sw	zero,20(sp)
     d74:	cc02                	sw	zero,24(sp)
     d76:	ce02                	sw	zero,28(sp)
     d78:	c402                	sw	zero,8(sp)
     d7a:	c602                	sw	zero,12(sp)
     d7c:	00011823          	sh	zero,16(sp) # 20005010 <_eusrstack+0x10>
     d80:	d002                	sw	zero,32(sp)
     d82:	d202                	sw	zero,36(sp)
     d84:	d402                	sw	zero,40(sp)
     d86:	d602                	sw	zero,44(sp)
     d88:	2bc010ef          	jal	ra,2044 <RCC_APB2PeriphClockCmd>
     d8c:	4585                	li	a1,1
     d8e:	4505                	li	a0,1
     d90:	2d2010ef          	jal	ra,2062 <RCC_APB1PeriphClockCmd>
     d94:	47b1                	li	a5,12
     d96:	82fc                	sh	a5,20(sp)
     d98:	40011537          	lui	a0,0x40011
     d9c:	47e1                	li	a5,24
     d9e:	ce3e                	sw	a5,28(sp)
     da0:	084c                	addi	a1,sp,20
     da2:	478d                	li	a5,3
     da4:	80050513          	addi	a0,a0,-2048 # 40010800 <_eusrstack+0x2000b800>
     da8:	cc3e                	sw	a5,24(sp)
     daa:	7c5000ef          	jal	ra,1d6e <GPIO_Init>
     dae:	81c1a703          	lw	a4,-2020(gp) # 2000020c <SystemCoreClock>
     db2:	4e2056b7          	lui	a3,0x4e205
     db6:	6795                	lui	a5,0x5
     db8:	e2078793          	addi	a5,a5,-480 # 4e20 <_data_lma+0x510>
     dbc:	e1f68693          	addi	a3,a3,-481 # 4e204e1f <_eusrstack+0x2e1ffe1f>
     dc0:	02f757b3          	divu	a5,a4,a5
     dc4:	06e6eb63          	bltu	a3,a4,e3a <BSP_PWM_Init+0xd2>
     dc8:	17fd                	addi	a5,a5,-1
     dca:	4701                	li	a4,0
     dcc:	002c                	addi	a1,sp,8
     dce:	40000537          	lui	a0,0x40000
     dd2:	80f1aa23          	sw	a5,-2028(gp) # 20000204 <s_pwm_arr>
     dd6:	8478                	sh	a4,8(sp)
     dd8:	867c                	sh	a5,12(sp)
     dda:	00011723          	sh	zero,14(sp)
     dde:	00011523          	sh	zero,10(sp)
     de2:	2da010ef          	jal	ra,20bc <TIM_TimeBaseInit>
     de6:	67c1                	lui	a5,0x10
     de8:	06078793          	addi	a5,a5,96 # 10060 <_data_lma+0xb750>
     dec:	100c                	addi	a1,sp,32
     dee:	40000537          	lui	a0,0x40000
     df2:	d03e                	sw	a5,32(sp)
     df4:	02011323          	sh	zero,38(sp)
     df8:	02011423          	sh	zero,40(sp)
     dfc:	322010ef          	jal	ra,211e <TIM_OC3Init>
     e00:	45a1                	li	a1,8
     e02:	40000537          	lui	a0,0x40000
     e06:	44a010ef          	jal	ra,2250 <TIM_OC3PreloadConfig>
     e0a:	100c                	addi	a1,sp,32
     e0c:	40000537          	lui	a0,0x40000
     e10:	3a2010ef          	jal	ra,21b2 <TIM_OC4Init>
     e14:	45a1                	li	a1,8
     e16:	40000537          	lui	a0,0x40000
     e1a:	444010ef          	jal	ra,225e <TIM_OC4PreloadConfig>
     e1e:	4585                	li	a1,1
     e20:	40000537          	lui	a0,0x40000
     e24:	412010ef          	jal	ra,2236 <TIM_ARRPreloadConfig>
     e28:	4585                	li	a1,1
     e2a:	40000537          	lui	a0,0x40000
     e2e:	3f0010ef          	jal	ra,221e <TIM_Cmd>
     e32:	3f29                	jal	d4c <BSP_PWM_AllOff>
     e34:	6145                	addi	sp,sp,48
     e36:	b1eff06f          	j	154 <__riscv_restore_0>
     e3a:	4e2006b7          	lui	a3,0x4e200
     e3e:	02d75733          	divu	a4,a4,a3
     e42:	00170693          	addi	a3,a4,1
     e46:	02d7d7b3          	divu	a5,a5,a3
     e4a:	17fd                	addi	a5,a5,-1
     e4c:	b741                	j	dcc <BSP_PWM_Init+0x64>

00000e4e <NMI_Handler>:
     e4e:	a001                	j	e4e <NMI_Handler>

00000e50 <HardFault_Handler>:
     e50:	beef07b7          	lui	a5,0xbeef0
     e54:	e000e737          	lui	a4,0xe000e
     e58:	08078793          	addi	a5,a5,128 # beef0080 <_eusrstack+0x9eeeb080>
     e5c:	c73c                	sw	a5,72(a4)
     e5e:	a001                	j	e5e <HardFault_Handler+0xe>

00000e60 <Gunlight_SetPWM_Internal>:
     e60:	ad0ff2ef          	jal	t0,130 <__riscv_save_0>
     e64:	1141                	addi	sp,sp,-16
     e66:	86a19023          	sh	a0,-1952(gp) # 20000250 <s_cur_pwm1>
     e6a:	86b19123          	sh	a1,-1950(gp) # 20000252 <s_cur_pwm2>
     e6e:	c62e                	sw	a1,12(sp)
     e70:	3d85                	jal	ce0 <BSP_PWM_SetDuty_PWM1>
     e72:	45b2                	lw	a1,12(sp)
     e74:	852e                	mv	a0,a1
     e76:	3545                	jal	d16 <BSP_PWM_SetDuty_PWM2>
     e78:	0141                	addi	sp,sp,16
     e7a:	adaff06f          	j	154 <__riscv_restore_0>

00000e7e <Gunlight_Apply_PWM>:
     e7e:	ab2ff2ef          	jal	t0,130 <__riscv_save_0>
     e82:	8761c783          	lbu	a5,-1930(gp) # 20000266 <s_tactical_override>
     e86:	cb91                	beqz	a5,e9a <Gunlight_Apply_PWM+0x1c>
     e88:	85c1a703          	lw	a4,-1956(gp) # 2000024c <s_bat_tier>
     e8c:	4789                	li	a5,2
     e8e:	4581                	li	a1,0
     e90:	3e800513          	li	a0,1000
     e94:	02f71163          	bne	a4,a5,eb6 <Gunlight_Apply_PWM+0x38>
     e98:	a081                	j	ed8 <Gunlight_Apply_PWM+0x5a>
     e9a:	8681a783          	lw	a5,-1944(gp) # 20000258 <s_gl_state>
     e9e:	e781                	bnez	a5,ea6 <Gunlight_Apply_PWM+0x28>
     ea0:	4581                	li	a1,0
     ea2:	4501                	li	a0,0
     ea4:	a809                	j	eb6 <Gunlight_Apply_PWM+0x38>
     ea6:	85c1a703          	lw	a4,-1956(gp) # 2000024c <s_bat_tier>
     eaa:	4689                	li	a3,2
     eac:	00d71863          	bne	a4,a3,ebc <Gunlight_Apply_PWM+0x3e>
     eb0:	4581                	li	a1,0
     eb2:	03200513          	li	a0,50
     eb6:	376d                	jal	e60 <Gunlight_SetPWM_Internal>
     eb8:	a9cff06f          	j	154 <__riscv_restore_0>
     ebc:	17fd                	addi	a5,a5,-1
     ebe:	4691                	li	a3,4
     ec0:	fef6e0e3          	bltu	a3,a5,ea0 <Gunlight_Apply_PWM+0x22>
     ec4:	6691                	lui	a3,0x4
     ec6:	078a                	slli	a5,a5,0x2
     ec8:	0c068693          	addi	a3,a3,192 # 40c0 <_read+0x424>
     ecc:	97b6                	add	a5,a5,a3
     ece:	439c                	lw	a5,0(a5)
     ed0:	8782                	jr	a5
     ed2:	4785                	li	a5,1
     ed4:	bf6d                	j	e8e <Gunlight_Apply_PWM+0x10>
     ed6:	4581                	li	a1,0
     ed8:	0fa00513          	li	a0,250
     edc:	bfe9                	j	eb6 <Gunlight_Apply_PWM+0x38>
     ede:	4785                	li	a5,1
     ee0:	3e800593          	li	a1,1000
     ee4:	b775                	j	e90 <Gunlight_Apply_PWM+0x12>
     ee6:	8721c783          	lbu	a5,-1934(gp) # 20000262 <s_strobe_flag>
     eea:	dbdd                	beqz	a5,ea0 <Gunlight_Apply_PWM+0x22>
     eec:	4785                	li	a5,1
     eee:	15e00513          	li	a0,350
     ef2:	00f70463          	beq	a4,a5,efa <Gunlight_Apply_PWM+0x7c>
     ef6:	3e800513          	li	a0,1000
     efa:	4581                	li	a1,0
     efc:	bf6d                	j	eb6 <Gunlight_Apply_PWM+0x38>
     efe:	86c1c783          	lbu	a5,-1940(gp) # 2000025c <s_sos_step>
     f02:	00279693          	slli	a3,a5,0x2
     f06:	6791                	lui	a5,0x4
     f08:	39878793          	addi	a5,a5,920 # 4398 <c_sos_seq>
     f0c:	97b6                	add	a5,a5,a3
     f0e:	239c                	lbu	a5,0(a5)
     f10:	bfe9                	j	eea <Gunlight_Apply_PWM+0x6c>

00000f12 <Gunlight_Enter_LowPower_Standby>:
     f12:	a1eff2ef          	jal	t0,130 <__riscv_save_0>
     f16:	00004537          	lui	a0,0x4
     f1a:	0d450513          	addi	a0,a0,212 # 40d4 <_read+0x438>
     f1e:	335010ef          	jal	ra,2a52 <puts>
     f22:	7b2000ef          	jal	ra,16d4 <USB_CDC_DeInit>
     f26:	351d                	jal	d4c <BSP_PWM_AllOff>
     f28:	3ed9                	jal	afe <BSP_StatusLED_AllOff>
     f2a:	ce4ff0ef          	jal	ra,40e <BSP_ADC_DeInit>
     f2e:	9d9ff0ef          	jal	ra,906 <BSP_MainKey_IsPressed>
     f32:	e505                	bnez	a0,f5a <Gunlight_Enter_LowPower_Standby+0x48>
     f34:	03200513          	li	a0,50
     f38:	470010ef          	jal	ra,23a8 <Delay_Ms>
     f3c:	4585                	li	a1,1
     f3e:	10000537          	lui	a0,0x10000
     f42:	120010ef          	jal	ra,2062 <RCC_APB1PeriphClockCmd>
     f46:	4505                	li	a0,1
     f48:	74d000ef          	jal	ra,1e94 <PWR_WakeUpPinCmd>
     f4c:	4505                	li	a0,1
     f4e:	79f000ef          	jal	ra,1eec <PWR_ClearFlag>
     f52:	759000ef          	jal	ra,1eaa <PWR_EnterSTANDBYMode>
     f56:	9feff06f          	j	154 <__riscv_restore_0>
     f5a:	4529                	li	a0,10
     f5c:	44c010ef          	jal	ra,23a8 <Delay_Ms>
     f60:	b7f9                	j	f2e <Gunlight_Enter_LowPower_Standby+0x1c>

00000f62 <Gunlight_Update_Battery_Status>:
     f62:	9ceff2ef          	jal	t0,130 <__riscv_save_0>
     f66:	d02ff0ef          	jal	ra,468 <BSP_ADC_GetBatteryVoltage_mV>
     f6a:	80a19c23          	sh	a0,-2024(gp) # 20000208 <s_cur_vbat>
     f6e:	6785                	lui	a5,0x1
     f70:	b8578793          	addi	a5,a5,-1147 # b85 <BSP_StatusLED_Init+0x61>
     f74:	842a                	mv	s0,a0
     f76:	86418713          	addi	a4,gp,-1948 # 20000254 <s_cutoff_confirm>
     f7a:	04a7e063          	bltu	a5,a0,fba <Gunlight_Update_Battery_Status+0x58>
     f7e:	231c                	lbu	a5,0(a4)
     f80:	0785                	addi	a5,a5,1
     f82:	0ff7f793          	andi	a5,a5,255
     f86:	a31c                	sb	a5,0(a4)
     f88:	4705                	li	a4,1
     f8a:	02f77a63          	bgeu	a4,a5,fbe <Gunlight_Update_Battery_Status+0x5c>
     f8e:	00004537          	lui	a0,0x4
     f92:	32450513          	addi	a0,a0,804 # 4324 <_read+0x688>
     f96:	2bd010ef          	jal	ra,2a52 <puts>
     f9a:	3b4d                	jal	d4c <BSP_PWM_AllOff>
     f9c:	4601                	li	a2,0
     f9e:	4581                	li	a1,0
     fa0:	0ff00513          	li	a0,255
     fa4:	b51ff0ef          	jal	ra,af4 <BSP_StatusLED_SetColor>
     fa8:	12c00513          	li	a0,300
     fac:	3fc010ef          	jal	ra,23a8 <Delay_Ms>
     fb0:	b4fff0ef          	jal	ra,afe <BSP_StatusLED_AllOff>
     fb4:	3fb9                	jal	f12 <Gunlight_Enter_LowPower_Standby>
     fb6:	99eff06f          	j	154 <__riscv_restore_0>
     fba:	00070023          	sb	zero,0(a4) # e000e000 <_eusrstack+0xc0009000>
     fbe:	6785                	lui	a5,0x1
     fc0:	c1b78693          	addi	a3,a5,-997 # c1b <BSP_StatusLED_SetMode+0x31>
     fc4:	85c1a583          	lw	a1,-1956(gp) # 2000024c <s_bat_tier>
     fc8:	85c18713          	addi	a4,gp,-1956 # 2000024c <s_bat_tier>
     fcc:	0486e263          	bltu	a3,s0,1010 <Gunlight_Update_Battery_Status+0xae>
     fd0:	4789                	li	a5,2
     fd2:	c31c                	sw	a5,0(a4)
     fd4:	4310                	lw	a2,0(a4)
     fd6:	00b60a63          	beq	a2,a1,fea <Gunlight_Update_Battery_Status+0x88>
     fda:	00004537          	lui	a0,0x4
     fde:	86a2                	mv	a3,s0
     fe0:	36450513          	addi	a0,a0,868 # 4364 <_read+0x6c8>
     fe4:	15b010ef          	jal	ra,293e <iprintf>
     fe8:	3d59                	jal	e7e <Gunlight_Apply_PWM>
     fea:	6785                	lui	a5,0x1
     fec:	e0f78713          	addi	a4,a5,-497 # e0f <BSP_PWM_Init+0xa7>
     ff0:	4505                	li	a0,1
     ff2:	00876d63          	bltu	a4,s0,100c <Gunlight_Update_Battery_Status+0xaa>
     ff6:	d4778713          	addi	a4,a5,-697
     ffa:	4509                	li	a0,2
     ffc:	00876863          	bltu	a4,s0,100c <Gunlight_Update_Battery_Status+0xaa>
    1000:	c1b78793          	addi	a5,a5,-997
    1004:	450d                	li	a0,3
    1006:	0087e363          	bltu	a5,s0,100c <Gunlight_Update_Battery_Status+0xaa>
    100a:	4511                	li	a0,4
    100c:	3ef9                	jal	bea <BSP_StatusLED_SetMode>
    100e:	b765                	j	fb6 <Gunlight_Update_Battery_Status+0x54>
    1010:	d4778693          	addi	a3,a5,-697
    1014:	0086eb63          	bltu	a3,s0,102a <Gunlight_Update_Battery_Status+0xc8>
    1018:	4689                	li	a3,2
    101a:	00d59663          	bne	a1,a3,1026 <Gunlight_Update_Battery_Status+0xc4>
    101e:	c4d78793          	addi	a5,a5,-947
    1022:	fa87f9e3          	bgeu	a5,s0,fd4 <Gunlight_Update_Battery_Status+0x72>
    1026:	4785                	li	a5,1
    1028:	b76d                	j	fd2 <Gunlight_Update_Battery_Status+0x70>
    102a:	d7978793          	addi	a5,a5,-647
    102e:	fa87f3e3          	bgeu	a5,s0,fd4 <Gunlight_Update_Battery_Status+0x72>
    1032:	00072023          	sw	zero,0(a4)
    1036:	bf79                	j	fd4 <Gunlight_Update_Battery_Status+0x72>

00001038 <Gunlight_Init>:
    1038:	8f8ff2ef          	jal	t0,130 <__riscv_save_0>
    103c:	873ff0ef          	jal	ra,8ae <BSP_Key_Init>
    1040:	3325                	jal	d68 <BSP_PWM_Init>
    1042:	ae3ff0ef          	jal	ra,b24 <BSP_StatusLED_Init>
    1046:	8601a423          	sw	zero,-1944(gp) # 20000258 <s_gl_state>
    104a:	8401ae23          	sw	zero,-1956(gp) # 2000024c <s_bat_tier>
    104e:	86019823          	sh	zero,-1936(gp) # 20000260 <s_standby_timer>
    1052:	86019a23          	sh	zero,-1932(gp) # 20000264 <s_strobe_timer>
    1056:	86018923          	sb	zero,-1934(gp) # 20000262 <s_strobe_flag>
    105a:	84019d23          	sh	zero,-1958(gp) # 2000024a <s_adc_timer>
    105e:	86018b23          	sb	zero,-1930(gp) # 20000266 <s_tactical_override>
    1062:	86018223          	sb	zero,-1948(gp) # 20000254 <s_cutoff_confirm>
    1066:	31dd                	jal	d4c <BSP_PWM_AllOff>
    1068:	a97ff0ef          	jal	ra,afe <BSP_StatusLED_AllOff>
    106c:	00004537          	lui	a0,0x4
    1070:	10050513          	addi	a0,a0,256 # 4100 <_read+0x464>
    1074:	1df010ef          	jal	ra,2a52 <puts>
    1078:	8dcff06f          	j	154 <__riscv_restore_0>

0000107c <Gunlight_Process_10ms>:
    107c:	89aff2ef          	jal	t0,116 <__riscv_save_4>
    1080:	8a3ff0ef          	jal	ra,922 <BSP_Key_Scan_10ms>
    1084:	84aa                	mv	s1,a0
    1086:	9b1ff0ef          	jal	ra,a36 <BSP_AuxKey_Scan_10ms>
    108a:	4785                	li	a5,1
    108c:	86818413          	addi	s0,gp,-1944 # 20000258 <s_gl_state>
    1090:	0af51163          	bne	a0,a5,1132 <Gunlight_Process_10ms+0xb6>
    1094:	86a18b23          	sb	a0,-1930(gp) # 20000266 <s_tactical_override>
    1098:	33dd                	jal	e7e <Gunlight_Apply_PWM>
    109a:	4601                	li	a2,0
    109c:	0ff00593          	li	a1,255
    10a0:	4501                	li	a0,0
    10a2:	a53ff0ef          	jal	ra,af4 <BSP_StatusLED_SetColor>
    10a6:	c899                	beqz	s1,10bc <Gunlight_Process_10ms+0x40>
    10a8:	86019823          	sh	zero,-1936(gp) # 20000260 <s_standby_timer>
    10ac:	4709                	li	a4,2
    10ae:	16e48463          	beq	s1,a4,1216 <Gunlight_Process_10ms+0x19a>
    10b2:	08976d63          	bltu	a4,s1,114c <Gunlight_Process_10ms+0xd0>
    10b6:	4785                	li	a5,1
    10b8:	0cf48c63          	beq	s1,a5,1190 <Gunlight_Process_10ms+0x114>
    10bc:	4014                	lw	a3,0(s0)
    10be:	4791                	li	a5,4
    10c0:	1af69e63          	bne	a3,a5,127c <Gunlight_Process_10ms+0x200>
    10c4:	87418713          	addi	a4,gp,-1932 # 20000264 <s_strobe_timer>
    10c8:	231e                	lhu	a5,0(a4)
    10ca:	0785                	addi	a5,a5,1
    10cc:	07c2                	slli	a5,a5,0x10
    10ce:	83c1                	srli	a5,a5,0x10
    10d0:	1ef6f863          	bgeu	a3,a5,12c0 <Gunlight_Process_10ms+0x244>
    10d4:	87218793          	addi	a5,gp,-1934 # 20000262 <s_strobe_flag>
    10d8:	00071023          	sh	zero,0(a4)
    10dc:	2398                	lbu	a4,0(a5)
    10de:	00173713          	seqz	a4,a4
    10e2:	a398                	sb	a4,0(a5)
    10e4:	3b69                	jal	e7e <Gunlight_Apply_PWM>
    10e6:	401c                	lw	a5,0(s0)
    10e8:	4709                	li	a4,2
    10ea:	17fd                	addi	a5,a5,-1
    10ec:	1cf76b63          	bltu	a4,a5,12c2 <Gunlight_Process_10ms+0x246>
    10f0:	85a18713          	addi	a4,gp,-1958 # 2000024a <s_adc_timer>
    10f4:	231e                	lhu	a5,0(a4)
    10f6:	46cd                	li	a3,19
    10f8:	0785                	addi	a5,a5,1
    10fa:	07c2                	slli	a5,a5,0x10
    10fc:	83c1                	srli	a5,a5,0x10
    10fe:	1af6ed63          	bltu	a3,a5,12b8 <Gunlight_Process_10ms+0x23c>
    1102:	a31e                	sh	a5,0(a4)
    1104:	401c                	lw	a5,0(s0)
    1106:	e385                	bnez	a5,1126 <Gunlight_Process_10ms+0xaa>
    1108:	8761c783          	lbu	a5,-1930(gp) # 20000266 <s_tactical_override>
    110c:	ef89                	bnez	a5,1126 <Gunlight_Process_10ms+0xaa>
    110e:	87018713          	addi	a4,gp,-1936 # 20000260 <s_standby_timer>
    1112:	231e                	lhu	a5,0(a4)
    1114:	0785                	addi	a5,a5,1
    1116:	07c2                	slli	a5,a5,0x10
    1118:	83c1                	srli	a5,a5,0x10
    111a:	a31e                	sh	a5,0(a4)
    111c:	81a1d703          	lhu	a4,-2022(gp) # 2000020a <s_standby_timeout_ticks>
    1120:	00e7e363          	bltu	a5,a4,1126 <Gunlight_Process_10ms+0xaa>
    1124:	33fd                	jal	f12 <Gunlight_Enter_LowPower_Standby>
    1126:	b39ff0ef          	jal	ra,c5e <BSP_StatusLED_Process_10ms>
    112a:	bb8ff0ef          	jal	ra,4e2 <BSP_CLI_Process>
    112e:	81cff06f          	j	14a <__riscv_restore_4>
    1132:	4789                	li	a5,2
    1134:	f6f519e3          	bne	a0,a5,10a6 <Gunlight_Process_10ms+0x2a>
    1138:	86018b23          	sb	zero,-1930(gp) # 20000266 <s_tactical_override>
    113c:	3389                	jal	e7e <Gunlight_Apply_PWM>
    113e:	401c                	lw	a5,0(s0)
    1140:	e781                	bnez	a5,1148 <Gunlight_Process_10ms+0xcc>
    1142:	9bdff0ef          	jal	ra,afe <BSP_StatusLED_AllOff>
    1146:	b785                	j	10a6 <Gunlight_Process_10ms+0x2a>
    1148:	3d29                	jal	f62 <Gunlight_Update_Battery_Status>
    114a:	bfb1                	j	10a6 <Gunlight_Process_10ms+0x2a>
    114c:	478d                	li	a5,3
    114e:	0ef48663          	beq	s1,a5,123a <Gunlight_Process_10ms+0x1be>
    1152:	4791                	li	a5,4
    1154:	f6f494e3          	bne	s1,a5,10bc <Gunlight_Process_10ms+0x40>
    1158:	00042023          	sw	zero,0(s0)
    115c:	bf1ff0ef          	jal	ra,d4c <BSP_PWM_AllOff>
    1160:	99fff0ef          	jal	ra,afe <BSP_StatusLED_AllOff>
    1164:	aaaff0ef          	jal	ra,40e <BSP_ADC_DeInit>
    1168:	00004537          	lui	a0,0x4
    116c:	25050513          	addi	a0,a0,592 # 4250 <_read+0x5b4>
    1170:	0e3010ef          	jal	ra,2a52 <puts>
    1174:	4481                	li	s1,0
    1176:	2a700913          	li	s2,679
    117a:	000049b7          	lui	s3,0x4
    117e:	f88ff0ef          	jal	ra,906 <BSP_MainKey_IsPressed>
    1182:	0c051e63          	bnez	a0,125e <Gunlight_Process_10ms+0x1e2>
    1186:	00004537          	lui	a0,0x4
    118a:	2c850513          	addi	a0,a0,712 # 42c8 <_read+0x62c>
    118e:	a821                	j	11a6 <Gunlight_Process_10ms+0x12a>
    1190:	401c                	lw	a5,0(s0)
    1192:	ef89                	bnez	a5,11ac <Gunlight_Process_10ms+0x130>
    1194:	c004                	sw	s1,0(s0)
    1196:	9c4ff0ef          	jal	ra,35a <BSP_ADC_Init>
    119a:	33e1                	jal	f62 <Gunlight_Update_Battery_Status>
    119c:	31cd                	jal	e7e <Gunlight_Apply_PWM>
    119e:	00004537          	lui	a0,0x4
    11a2:	11c50513          	addi	a0,a0,284 # 411c <_read+0x480>
    11a6:	0ad010ef          	jal	ra,2a52 <puts>
    11aa:	bf09                	j	10bc <Gunlight_Process_10ms+0x40>
    11ac:	00979b63          	bne	a5,s1,11c2 <Gunlight_Process_10ms+0x146>
    11b0:	c018                	sw	a4,0(s0)
    11b2:	31f1                	jal	e7e <Gunlight_Apply_PWM>
    11b4:	00004537          	lui	a0,0x4
    11b8:	14050513          	addi	a0,a0,320 # 4140 <_read+0x4a4>
    11bc:	782010ef          	jal	ra,293e <iprintf>
    11c0:	bdf5                	j	10bc <Gunlight_Process_10ms+0x40>
    11c2:	00e79a63          	bne	a5,a4,11d6 <Gunlight_Process_10ms+0x15a>
    11c6:	478d                	li	a5,3
    11c8:	c01c                	sw	a5,0(s0)
    11ca:	3955                	jal	e7e <Gunlight_Apply_PWM>
    11cc:	00004537          	lui	a0,0x4
    11d0:	16850513          	addi	a0,a0,360 # 4168 <_read+0x4cc>
    11d4:	bfc9                	j	11a6 <Gunlight_Process_10ms+0x12a>
    11d6:	470d                	li	a4,3
    11d8:	00e79f63          	bne	a5,a4,11f6 <Gunlight_Process_10ms+0x17a>
    11dc:	00042023          	sw	zero,0(s0)
    11e0:	b6dff0ef          	jal	ra,d4c <BSP_PWM_AllOff>
    11e4:	91bff0ef          	jal	ra,afe <BSP_StatusLED_AllOff>
    11e8:	a26ff0ef          	jal	ra,40e <BSP_ADC_DeInit>
    11ec:	00004537          	lui	a0,0x4
    11f0:	19050513          	addi	a0,a0,400 # 4190 <_read+0x4f4>
    11f4:	bf4d                	j	11a6 <Gunlight_Process_10ms+0x12a>
    11f6:	17f1                	addi	a5,a5,-4
    11f8:	ecf4e2e3          	bltu	s1,a5,10bc <Gunlight_Process_10ms+0x40>
    11fc:	00042023          	sw	zero,0(s0)
    1200:	b4dff0ef          	jal	ra,d4c <BSP_PWM_AllOff>
    1204:	8fbff0ef          	jal	ra,afe <BSP_StatusLED_AllOff>
    1208:	a06ff0ef          	jal	ra,40e <BSP_ADC_DeInit>
    120c:	00004537          	lui	a0,0x4
    1210:	1c850513          	addi	a0,a0,456 # 41c8 <_read+0x52c>
    1214:	bf49                	j	11a6 <Gunlight_Process_10ms+0x12a>
    1216:	4791                	li	a5,4
    1218:	c01c                	sw	a5,0(s0)
    121a:	4705                	li	a4,1
    121c:	86019a23          	sh	zero,-1932(gp) # 20000264 <s_strobe_timer>
    1220:	86e18923          	sb	a4,-1934(gp) # 20000262 <s_strobe_flag>
    1224:	936ff0ef          	jal	ra,35a <BSP_ADC_Init>
    1228:	4515                	li	a0,5
    122a:	9c1ff0ef          	jal	ra,bea <BSP_StatusLED_SetMode>
    122e:	3981                	jal	e7e <Gunlight_Apply_PWM>
    1230:	00004537          	lui	a0,0x4
    1234:	1f850513          	addi	a0,a0,504 # 41f8 <_read+0x55c>
    1238:	b7bd                	j	11a6 <Gunlight_Process_10ms+0x12a>
    123a:	4795                	li	a5,5
    123c:	c01c                	sw	a5,0(s0)
    123e:	86018623          	sb	zero,-1940(gp) # 2000025c <s_sos_step>
    1242:	86019723          	sh	zero,-1938(gp) # 2000025e <s_sos_timer>
    1246:	914ff0ef          	jal	ra,35a <BSP_ADC_Init>
    124a:	4519                	li	a0,6
    124c:	99fff0ef          	jal	ra,bea <BSP_StatusLED_SetMode>
    1250:	c2fff0ef          	jal	ra,e7e <Gunlight_Apply_PWM>
    1254:	00004537          	lui	a0,0x4
    1258:	22450513          	addi	a0,a0,548 # 4224 <_read+0x588>
    125c:	b7a9                	j	11a6 <Gunlight_Process_10ms+0x12a>
    125e:	0485                	addi	s1,s1,1
    1260:	04c2                	slli	s1,s1,0x10
    1262:	4529                	li	a0,10
    1264:	80c1                	srli	s1,s1,0x10
    1266:	142010ef          	jal	ra,23a8 <Delay_Ms>
    126a:	f0997ae3          	bgeu	s2,s1,117e <Gunlight_Process_10ms+0x102>
    126e:	29098513          	addi	a0,s3,656 # 4290 <_read+0x5f4>
    1272:	7e0010ef          	jal	ra,2a52 <puts>
    1276:	d94ff0ef          	jal	ra,80a <BSP_ISP_JumpToBootloader>
    127a:	b711                	j	117e <Gunlight_Process_10ms+0x102>
    127c:	4795                	li	a5,5
    127e:	e6f694e3          	bne	a3,a5,10e6 <Gunlight_Process_10ms+0x6a>
    1282:	86c18593          	addi	a1,gp,-1940 # 2000025c <s_sos_step>
    1286:	86e18693          	addi	a3,gp,-1938 # 2000025e <s_sos_timer>
    128a:	219c                	lbu	a5,0(a1)
    128c:	229a                	lhu	a4,0(a3)
    128e:	6611                	lui	a2,0x4
    1290:	00279513          	slli	a0,a5,0x2
    1294:	39860613          	addi	a2,a2,920 # 4398 <c_sos_seq>
    1298:	0705                	addi	a4,a4,1
    129a:	962a                	add	a2,a2,a0
    129c:	0742                	slli	a4,a4,0x10
    129e:	2232                	lhu	a2,2(a2)
    12a0:	8341                	srli	a4,a4,0x10
    12a2:	a29a                	sh	a4,0(a3)
    12a4:	00c76f63          	bltu	a4,a2,12c2 <Gunlight_Process_10ms+0x246>
    12a8:	0785                	addi	a5,a5,1
    12aa:	4749                	li	a4,18
    12ac:	02e7f7b3          	remu	a5,a5,a4
    12b0:	00069023          	sh	zero,0(a3)
    12b4:	a19c                	sb	a5,0(a1)
    12b6:	b53d                	j	10e4 <Gunlight_Process_10ms+0x68>
    12b8:	00071023          	sh	zero,0(a4)
    12bc:	315d                	jal	f62 <Gunlight_Update_Battery_Status>
    12be:	b599                	j	1104 <Gunlight_Process_10ms+0x88>
    12c0:	a31e                	sh	a5,0(a4)
    12c2:	8761c783          	lbu	a5,-1930(gp) # 20000266 <s_tactical_override>
    12c6:	e20795e3          	bnez	a5,10f0 <Gunlight_Process_10ms+0x74>
    12ca:	bd2d                	j	1104 <Gunlight_Process_10ms+0x88>

000012cc <Gunlight_TurnOn_Mode1>:
    12cc:	e65fe2ef          	jal	t0,130 <__riscv_save_0>
    12d0:	4705                	li	a4,1
    12d2:	86e1a423          	sw	a4,-1944(gp) # 20000258 <s_gl_state>
    12d6:	86019823          	sh	zero,-1936(gp) # 20000260 <s_standby_timer>
    12da:	880ff0ef          	jal	ra,35a <BSP_ADC_Init>
    12de:	c85ff0ef          	jal	ra,f62 <Gunlight_Update_Battery_Status>
    12e2:	b9dff0ef          	jal	ra,e7e <Gunlight_Apply_PWM>
    12e6:	00004537          	lui	a0,0x4
    12ea:	30450513          	addi	a0,a0,772 # 4304 <_read+0x668>
    12ee:	764010ef          	jal	ra,2a52 <puts>
    12f2:	e63fe06f          	j	154 <__riscv_restore_0>

000012f6 <Gunlight_GetState>:
    12f6:	8681a503          	lw	a0,-1944(gp) # 20000258 <s_gl_state>
    12fa:	8082                	ret

000012fc <Gunlight_SetState>:
    12fc:	e35fe2ef          	jal	t0,130 <__riscv_save_0>
    1300:	86a1a423          	sw	a0,-1944(gp) # 20000258 <s_gl_state>
    1304:	86019823          	sh	zero,-1936(gp) # 20000260 <s_standby_timer>
    1308:	e911                	bnez	a0,131c <Gunlight_SetState+0x20>
    130a:	4581                	li	a1,0
    130c:	b55ff0ef          	jal	ra,e60 <Gunlight_SetPWM_Internal>
    1310:	feeff0ef          	jal	ra,afe <BSP_StatusLED_AllOff>
    1314:	8faff0ef          	jal	ra,40e <BSP_ADC_DeInit>
    1318:	e3dfe06f          	j	154 <__riscv_restore_0>
    131c:	83eff0ef          	jal	ra,35a <BSP_ADC_Init>
    1320:	c43ff0ef          	jal	ra,f62 <Gunlight_Update_Battery_Status>
    1324:	b5bff0ef          	jal	ra,e7e <Gunlight_Apply_PWM>
    1328:	bfc5                	j	1318 <Gunlight_SetState+0x1c>

0000132a <Gunlight_GetBatteryVoltage_mV>:
    132a:	8181d503          	lhu	a0,-2024(gp) # 20000208 <s_cur_vbat>
    132e:	8082                	ret

00001330 <Gunlight_GetBatteryTier>:
    1330:	85c1c503          	lbu	a0,-1956(gp) # 2000024c <s_bat_tier>
    1334:	8082                	ret

00001336 <Gunlight_GetStandbyTimeoutSec>:
    1336:	81a1d503          	lhu	a0,-2022(gp) # 2000020a <s_standby_timeout_ticks>
    133a:	06400793          	li	a5,100
    133e:	02f55533          	divu	a0,a0,a5
    1342:	8082                	ret

00001344 <Gunlight_SetStandbyTimeoutSec>:
    1344:	06400793          	li	a5,100
    1348:	02f50533          	mul	a0,a0,a5
    134c:	80a19d23          	sh	a0,-2022(gp) # 2000020a <s_standby_timeout_ticks>
    1350:	8082                	ret

00001352 <Gunlight_GetPwm1Duty>:
    1352:	8601d503          	lhu	a0,-1952(gp) # 20000250 <s_cur_pwm1>
    1356:	8082                	ret

00001358 <Gunlight_GetPwm2Duty>:
    1358:	8621d503          	lhu	a0,-1950(gp) # 20000252 <s_cur_pwm2>
    135c:	8082                	ret

0000135e <main>:
    135e:	dd3fe2ef          	jal	t0,130 <__riscv_save_0>
    1362:	4505                	li	a0,1
    1364:	32b000ef          	jal	ra,1e8e <NVIC_PriorityGroupConfig>
    1368:	2279                	jal	14f6 <SystemCoreClockUpdate>
    136a:	7e3000ef          	jal	ra,234c <Delay_Init>
    136e:	6571                	lui	a0,0x1c
    1370:	20050513          	addi	a0,a0,512 # 1c200 <_data_lma+0x178f0>
    1374:	06a010ef          	jal	ra,23de <USART_Printf_Init>
    1378:	244d                	jal	161a <USB_CDC_Init>
    137a:	952ff0ef          	jal	ra,4cc <BSP_CLI_Init>
    137e:	00004537          	lui	a0,0x4
    1382:	3e050513          	addi	a0,a0,992 # 43e0 <c_sos_seq+0x48>
    1386:	6cc010ef          	jal	ra,2a52 <puts>
    138a:	00004537          	lui	a0,0x4
    138e:	40c50513          	addi	a0,a0,1036 # 440c <c_sos_seq+0x74>
    1392:	6c0010ef          	jal	ra,2a52 <puts>
    1396:	81c1a583          	lw	a1,-2020(gp) # 2000020c <SystemCoreClock>
    139a:	00004537          	lui	a0,0x4
    139e:	43850513          	addi	a0,a0,1080 # 4438 <c_sos_seq+0xa0>
    13a2:	59c010ef          	jal	ra,293e <iprintf>
    13a6:	00004537          	lui	a0,0x4
    13aa:	45450513          	addi	a0,a0,1108 # 4454 <c_sos_seq+0xbc>
    13ae:	6a4010ef          	jal	ra,2a52 <puts>
    13b2:	00004537          	lui	a0,0x4
    13b6:	e4050513          	addi	a0,a0,-448 # 3e40 <_read+0x1a4>
    13ba:	698010ef          	jal	ra,2a52 <puts>
    13be:	10000537          	lui	a0,0x10000
    13c2:	4585                	li	a1,1
    13c4:	49f000ef          	jal	ra,2062 <RCC_APB1PeriphClockCmd>
    13c8:	4505                	li	a0,1
    13ca:	315000ef          	jal	ra,1ede <PWR_GetFlagStatus>
    13ce:	c911                	beqz	a0,13e2 <main+0x84>
    13d0:	4505                	li	a0,1
    13d2:	31b000ef          	jal	ra,1eec <PWR_ClearFlag>
    13d6:	00004537          	lui	a0,0x4
    13da:	48050513          	addi	a0,a0,1152 # 4480 <c_sos_seq+0xe8>
    13de:	674010ef          	jal	ra,2a52 <puts>
    13e2:	c57ff0ef          	jal	ra,1038 <Gunlight_Init>
    13e6:	d20ff0ef          	jal	ra,906 <BSP_MainKey_IsPressed>
    13ea:	c939                	beqz	a0,1440 <main+0xe2>
    13ec:	00004537          	lui	a0,0x4
    13f0:	4a850513          	addi	a0,a0,1192 # 44a8 <c_sos_seq+0x110>
    13f4:	65e010ef          	jal	ra,2a52 <puts>
    13f8:	4401                	li	s0,0
    13fa:	31f00493          	li	s1,799
    13fe:	00004937          	lui	s2,0x4
    1402:	d04ff0ef          	jal	ra,906 <BSP_MainKey_IsPressed>
    1406:	ed11                	bnez	a0,1422 <main+0xc4>
    1408:	00004537          	lui	a0,0x4
    140c:	52450513          	addi	a0,a0,1316 # 4524 <c_sos_seq+0x18c>
    1410:	52e010ef          	jal	ra,293e <iprintf>
    1414:	3d65                	jal	12cc <Gunlight_TurnOn_Mode1>
    1416:	c67ff0ef          	jal	ra,107c <Gunlight_Process_10ms>
    141a:	4529                	li	a0,10
    141c:	78d000ef          	jal	ra,23a8 <Delay_Ms>
    1420:	bfdd                	j	1416 <main+0xb8>
    1422:	0405                	addi	s0,s0,1
    1424:	0442                	slli	s0,s0,0x10
    1426:	4529                	li	a0,10
    1428:	8041                	srli	s0,s0,0x10
    142a:	77f000ef          	jal	ra,23a8 <Delay_Ms>
    142e:	fc84fae3          	bgeu	s1,s0,1402 <main+0xa4>
    1432:	4e890513          	addi	a0,s2,1256 # 44e8 <c_sos_seq+0x150>
    1436:	61c010ef          	jal	ra,2a52 <puts>
    143a:	bd0ff0ef          	jal	ra,80a <BSP_ISP_JumpToBootloader>
    143e:	b7d1                	j	1402 <main+0xa4>
    1440:	00004537          	lui	a0,0x4
    1444:	55050513          	addi	a0,a0,1360 # 4550 <c_sos_seq+0x1b8>
    1448:	60a010ef          	jal	ra,2a52 <puts>
    144c:	b7e9                	j	1416 <main+0xb8>

0000144e <SystemInit>:
    144e:	400217b7          	lui	a5,0x40021
    1452:	4398                	lw	a4,0(a5)
    1454:	f0ff06b7          	lui	a3,0xf0ff0
    1458:	00176713          	ori	a4,a4,1
    145c:	c398                	sw	a4,0(a5)
    145e:	43d8                	lw	a4,4(a5)
    1460:	8f75                	and	a4,a4,a3
    1462:	c3d8                	sw	a4,4(a5)
    1464:	4398                	lw	a4,0(a5)
    1466:	fef706b7          	lui	a3,0xfef70
    146a:	16fd                	addi	a3,a3,-1
    146c:	8f75                	and	a4,a4,a3
    146e:	c398                	sw	a4,0(a5)
    1470:	4398                	lw	a4,0(a5)
    1472:	fffc06b7          	lui	a3,0xfffc0
    1476:	16fd                	addi	a3,a3,-1
    1478:	8f75                	and	a4,a4,a3
    147a:	c398                	sw	a4,0(a5)
    147c:	43d8                	lw	a4,4(a5)
    147e:	ff0106b7          	lui	a3,0xff010
    1482:	16fd                	addi	a3,a3,-1
    1484:	8f75                	and	a4,a4,a3
    1486:	c3d8                	sw	a4,4(a5)
    1488:	009f0737          	lui	a4,0x9f0
    148c:	c798                	sw	a4,8(a5)
    148e:	400246b7          	lui	a3,0x40024
    1492:	8006a703          	lw	a4,-2048(a3) # 40023800 <_eusrstack+0x2001e800>
    1496:	01076713          	ori	a4,a4,16
    149a:	80e6a023          	sw	a4,-2048(a3)
    149e:	43d8                	lw	a4,4(a5)
    14a0:	ffc106b7          	lui	a3,0xffc10
    14a4:	16fd                	addi	a3,a3,-1
    14a6:	c3d8                	sw	a4,4(a5)
    14a8:	43d8                	lw	a4,4(a5)
    14aa:	c3d8                	sw	a4,4(a5)
    14ac:	43d8                	lw	a4,4(a5)
    14ae:	40076713          	ori	a4,a4,1024
    14b2:	c3d8                	sw	a4,4(a5)
    14b4:	43d8                	lw	a4,4(a5)
    14b6:	8f75                	and	a4,a4,a3
    14b8:	c3d8                	sw	a4,4(a5)
    14ba:	43d8                	lw	a4,4(a5)
    14bc:	002806b7          	lui	a3,0x280
    14c0:	8f55                	or	a4,a4,a3
    14c2:	c3d8                	sw	a4,4(a5)
    14c4:	4398                	lw	a4,0(a5)
    14c6:	010006b7          	lui	a3,0x1000
    14ca:	8f55                	or	a4,a4,a3
    14cc:	c398                	sw	a4,0(a5)
    14ce:	4398                	lw	a4,0(a5)
    14d0:	00671693          	slli	a3,a4,0x6
    14d4:	fe06dde3          	bgez	a3,14ce <SystemInit+0x80>
    14d8:	43d8                	lw	a4,4(a5)
    14da:	400216b7          	lui	a3,0x40021
    14de:	9b71                	andi	a4,a4,-4
    14e0:	c3d8                	sw	a4,4(a5)
    14e2:	43d8                	lw	a4,4(a5)
    14e4:	00276713          	ori	a4,a4,2
    14e8:	c3d8                	sw	a4,4(a5)
    14ea:	4721                	li	a4,8
    14ec:	42dc                	lw	a5,4(a3)
    14ee:	8bb1                	andi	a5,a5,12
    14f0:	fee79ee3          	bne	a5,a4,14ec <SystemInit+0x9e>
    14f4:	8082                	ret

000014f6 <SystemCoreClockUpdate>:
    14f6:	400216b7          	lui	a3,0x40021
    14fa:	42dc                	lw	a5,4(a3)
    14fc:	4611                	li	a2,4
    14fe:	8bb1                	andi	a5,a5,12
    1500:	81c18713          	addi	a4,gp,-2020 # 2000020c <SystemCoreClock>
    1504:	00c78563          	beq	a5,a2,150e <SystemCoreClockUpdate+0x18>
    1508:	4621                	li	a2,8
    150a:	02c78863          	beq	a5,a2,153a <SystemCoreClockUpdate+0x44>
    150e:	007a17b7          	lui	a5,0x7a1
    1512:	20078793          	addi	a5,a5,512 # 7a1200 <_data_lma+0x79c8f0>
    1516:	c31c                	sw	a5,0(a4)
    1518:	400217b7          	lui	a5,0x40021
    151c:	43dc                	lw	a5,4(a5)
    151e:	8391                	srli	a5,a5,0x4
    1520:	00f7f693          	andi	a3,a5,15
    1524:	200007b7          	lui	a5,0x20000
    1528:	00078793          	mv	a5,a5
    152c:	97b6                	add	a5,a5,a3
    152e:	2394                	lbu	a3,0(a5)
    1530:	431c                	lw	a5,0(a4)
    1532:	00d7d7b3          	srl	a5,a5,a3
    1536:	c31c                	sw	a5,0(a4)
    1538:	8082                	ret
    153a:	42dc                	lw	a5,4(a3)
    153c:	42d4                	lw	a3,4(a3)
    153e:	6641                	lui	a2,0x10
    1540:	83c9                	srli	a5,a5,0x12
    1542:	8bbd                	andi	a5,a5,15
    1544:	8ef1                	and	a3,a3,a2
    1546:	0789                	addi	a5,a5,2
    1548:	4645                	li	a2,17
    154a:	00c79363          	bne	a5,a2,1550 <SystemCoreClockUpdate+0x5a>
    154e:	47c9                	li	a5,18
    1550:	ee81                	bnez	a3,1568 <SystemCoreClockUpdate+0x72>
    1552:	400246b7          	lui	a3,0x40024
    1556:	8006a683          	lw	a3,-2048(a3) # 40023800 <_eusrstack+0x2001e800>
    155a:	8ac1                	andi	a3,a3,16
    155c:	ce89                	beqz	a3,1576 <SystemCoreClockUpdate+0x80>
    155e:	007a16b7          	lui	a3,0x7a1
    1562:	20068693          	addi	a3,a3,512 # 7a1200 <_data_lma+0x79c8f0>
    1566:	a821                	j	157e <SystemCoreClockUpdate+0x88>
    1568:	400216b7          	lui	a3,0x40021
    156c:	42d4                	lw	a3,4(a3)
    156e:	00e69613          	slli	a2,a3,0xe
    1572:	fe0656e3          	bgez	a2,155e <SystemCoreClockUpdate+0x68>
    1576:	003d16b7          	lui	a3,0x3d1
    157a:	90068693          	addi	a3,a3,-1792 # 3d0900 <_data_lma+0x3cbff0>
    157e:	02d787b3          	mul	a5,a5,a3
    1582:	bf51                	j	1516 <SystemCoreClockUpdate+0x20>

00001584 <USB_CDC_TriggerNextTx>:
    1584:	88418793          	addi	a5,gp,-1916 # 20000274 <s_ep2_tx_busy>
    1588:	239c                	lbu	a5,0(a5)
    158a:	88418893          	addi	a7,gp,-1916 # 20000274 <s_ep2_tx_busy>
    158e:	0ff7f793          	andi	a5,a5,255
    1592:	e3b5                	bnez	a5,15f6 <USB_CDC_TriggerNextTx+0x72>
    1594:	89018793          	addi	a5,gp,-1904 # 20000280 <s_tx_head>
    1598:	238e                	lhu	a1,0(a5)
    159a:	89218693          	addi	a3,gp,-1902 # 20000282 <s_tx_tail>
    159e:	2296                	lhu	a3,0(a3)
    15a0:	89018613          	addi	a2,gp,-1904 # 20000280 <s_tx_head>
    15a4:	89218793          	addi	a5,gp,-1902 # 20000282 <s_tx_tail>
    15a8:	06c2                	slli	a3,a3,0x10
    15aa:	82c1                	srli	a3,a3,0x10
    15ac:	04b68563          	beq	a3,a1,15f6 <USB_CDC_TriggerNextTx+0x72>
    15b0:	8791c703          	lbu	a4,-1927(gp) # 20000269 <s_dev_config>
    15b4:	0ff77713          	andi	a4,a4,255
    15b8:	cf1d                	beqz	a4,15f6 <USB_CDC_TriggerNextTx+0x72>
    15ba:	4701                	li	a4,0
    15bc:	93818513          	addi	a0,gp,-1736 # 20000328 <s_ep2_buf>
    15c0:	ab818813          	addi	a6,gp,-1352 # 200004a8 <s_tx_buf>
    15c4:	04000e13          	li	t3,64
    15c8:	0007d303          	lhu	t1,0(a5) # 20000000 <_data_vma>
    15cc:	220e                	lhu	a1,0(a2)
    15ce:	01071693          	slli	a3,a4,0x10
    15d2:	82c1                	srli	a3,a3,0x10
    15d4:	05c2                	slli	a1,a1,0x10
    15d6:	81c1                	srli	a1,a1,0x10
    15d8:	02659063          	bne	a1,t1,15f8 <USB_CDC_TriggerNextTx+0x74>
    15dc:	ce89                	beqz	a3,15f6 <USB_CDC_TriggerNextTx+0x72>
    15de:	4785                	li	a5,1
    15e0:	00f88023          	sb	a5,0(a7)
    15e4:	500007b7          	lui	a5,0x50000
    15e8:	bf96                	sh	a3,56(a5)
    15ea:	03a7c703          	lbu	a4,58(a5) # 5000003a <_eusrstack+0x2fffb03a>
    15ee:	0fc77713          	andi	a4,a4,252
    15f2:	02e78d23          	sb	a4,58(a5)
    15f6:	8082                	ret
    15f8:	2396                	lhu	a3,0(a5)
    15fa:	00e505b3          	add	a1,a0,a4
    15fe:	0705                	addi	a4,a4,1
    1600:	96c2                	add	a3,a3,a6
    1602:	2294                	lbu	a3,0(a3)
    1604:	a194                	sb	a3,0(a1)
    1606:	2396                	lhu	a3,0(a5)
    1608:	0685                	addi	a3,a3,1
    160a:	1ff6f693          	andi	a3,a3,511
    160e:	a396                	sh	a3,0(a5)
    1610:	fbc71ce3          	bne	a4,t3,15c8 <USB_CDC_TriggerNextTx+0x44>
    1614:	04000693          	li	a3,64
    1618:	b7d9                	j	15de <USB_CDC_TriggerNextTx+0x5a>

0000161a <USB_CDC_Init>:
    161a:	b17fe2ef          	jal	t0,130 <__riscv_save_0>
    161e:	4505                	li	a0,1
    1620:	11d000ef          	jal	ra,1f3c <RCC_USBCLKConfig>
    1624:	4585                	li	a1,1
    1626:	6505                	lui	a0,0x1
    1628:	1ff000ef          	jal	ra,2026 <RCC_AHBPeriphClockCmd>
    162c:	50000437          	lui	s0,0x50000
    1630:	4799                	li	a5,6
    1632:	a01c                	sb	a5,0(s0)
    1634:	4529                	li	a0,10
    1636:	53d000ef          	jal	ra,2372 <Delay_Us>
    163a:	00040023          	sb	zero,0(s0) # 50000000 <_eusrstack+0x2fffb000>
    163e:	8f818793          	addi	a5,gp,-1800 # 200002e8 <s_ep0_buf>
    1642:	c81c                	sw	a5,16(s0)
    1644:	87c18793          	addi	a5,gp,-1924 # 2000026c <s_ep1_buf>
    1648:	c85c                	sw	a5,20(s0)
    164a:	93818793          	addi	a5,gp,-1736 # 20000328 <s_ep2_buf>
    164e:	cc1c                	sw	a5,24(s0)
    1650:	97818793          	addi	a5,gp,-1672 # 20000368 <s_ep3_buf>
    1654:	cc5c                	sw	a5,28(s0)
    1656:	04000793          	li	a5,64
    165a:	a45c                	sb	a5,12(s0)
    165c:	f8400793          	li	a5,-124
    1660:	b45c                	sb	a5,13(s0)
    1662:	02041823          	sh	zero,48(s0)
    1666:	4789                	li	a5,2
    1668:	02f40923          	sb	a5,50(s0)
    166c:	020409a3          	sb	zero,51(s0)
    1670:	02041a23          	sh	zero,52(s0)
    1674:	47a9                	li	a5,10
    1676:	02f40b23          	sb	a5,54(s0)
    167a:	02041c23          	sh	zero,56(s0)
    167e:	02f40d23          	sb	a5,58(s0)
    1682:	47a1                	li	a5,8
    1684:	02f40fa3          	sb	a5,63(s0)
    1688:	000401a3          	sb	zero,3(s0)
    168c:	f8100793          	li	a5,-127
    1690:	b01c                	sb	a5,1(s0)
    1692:	02900793          	li	a5,41
    1696:	a01c                	sb	a5,0(s0)
    1698:	57fd                	li	a5,-1
    169a:	a07c                	sb	a5,6(s0)
    169c:	479d                	li	a5,7
    169e:	a03c                	sb	a5,2(s0)
    16a0:	e000e7b7          	lui	a5,0xe000e
    16a4:	42078da3          	sb	zero,1083(a5) # e000e43b <_eusrstack+0xc000943b>
    16a8:	08000737          	lui	a4,0x8000
    16ac:	10e7a223          	sw	a4,260(a5)
    16b0:	86018ba3          	sb	zero,-1929(gp) # 20000267 <s_dev_addr>
    16b4:	86018ca3          	sb	zero,-1927(gp) # 20000269 <s_dev_config>
    16b8:	86018c23          	sb	zero,-1928(gp) # 20000268 <s_dev_addr_pending>
    16bc:	88018223          	sb	zero,-1916(gp) # 20000274 <s_ep2_tx_busy>
    16c0:	88019323          	sh	zero,-1914(gp) # 20000276 <s_rx_head>
    16c4:	88019423          	sh	zero,-1912(gp) # 20000278 <s_rx_tail>
    16c8:	88019823          	sh	zero,-1904(gp) # 20000280 <s_tx_head>
    16cc:	88019923          	sh	zero,-1902(gp) # 20000282 <s_tx_tail>
    16d0:	a85fe06f          	j	154 <__riscv_restore_0>

000016d4 <USB_CDC_DeInit>:
    16d4:	a5dfe2ef          	jal	t0,130 <__riscv_save_0>
    16d8:	e000e7b7          	lui	a5,0xe000e
    16dc:	08000737          	lui	a4,0x8000
    16e0:	18e7a223          	sw	a4,388(a5) # e000e184 <_eusrstack+0xc0009184>
    16e4:	0000100f          	fence.i
    16e8:	500007b7          	lui	a5,0x50000
    16ec:	00078123          	sb	zero,2(a5) # 50000002 <_eusrstack+0x2fffb002>
    16f0:	00078023          	sb	zero,0(a5)
    16f4:	000780a3          	sb	zero,1(a5)
    16f8:	4581                	li	a1,0
    16fa:	6505                	lui	a0,0x1
    16fc:	12b000ef          	jal	ra,2026 <RCC_AHBPeriphClockCmd>
    1700:	86018ca3          	sb	zero,-1927(gp) # 20000269 <s_dev_config>
    1704:	88018223          	sb	zero,-1916(gp) # 20000274 <s_ep2_tx_busy>
    1708:	a4dfe06f          	j	154 <__riscv_restore_0>

0000170c <USB_CDC_Available>:
    170c:	8861d503          	lhu	a0,-1914(gp) # 20000276 <s_rx_head>
    1710:	8881d783          	lhu	a5,-1912(gp) # 20000278 <s_rx_tail>
    1714:	0542                	slli	a0,a0,0x10
    1716:	8141                	srli	a0,a0,0x10
    1718:	07c2                	slli	a5,a5,0x10
    171a:	83c1                	srli	a5,a5,0x10
    171c:	00f56463          	bltu	a0,a5,1724 <USB_CDC_Available+0x18>
    1720:	8d1d                	sub	a0,a0,a5
    1722:	8082                	ret
    1724:	8d1d                	sub	a0,a0,a5
    1726:	10050513          	addi	a0,a0,256 # 1100 <Gunlight_Process_10ms+0x84>
    172a:	8082                	ret

0000172c <USB_CDC_ReadByte>:
    172c:	8861d683          	lhu	a3,-1914(gp) # 20000276 <s_rx_head>
    1730:	88818793          	addi	a5,gp,-1912 # 20000278 <s_rx_tail>
    1734:	239a                	lhu	a4,0(a5)
    1736:	557d                	li	a0,-1
    1738:	0742                	slli	a4,a4,0x10
    173a:	8341                	srli	a4,a4,0x10
    173c:	00d70c63          	beq	a4,a3,1754 <USB_CDC_ReadByte+0x28>
    1740:	2396                	lhu	a3,0(a5)
    1742:	9b818713          	addi	a4,gp,-1608 # 200003a8 <s_rx_buf>
    1746:	9736                	add	a4,a4,a3
    1748:	2396                	lhu	a3,0(a5)
    174a:	2308                	lbu	a0,0(a4)
    174c:	0685                	addi	a3,a3,1
    174e:	0ff6f693          	andi	a3,a3,255
    1752:	a396                	sh	a3,0(a5)
    1754:	8082                	ret

00001756 <USB_CDC_SendBytes>:
    1756:	8791c783          	lbu	a5,-1927(gp) # 20000269 <s_dev_config>
    175a:	0ff7f793          	andi	a5,a5,255
    175e:	cbbd                	beqz	a5,17d4 <USB_CDC_SendBytes+0x7e>
    1760:	c9bd                	beqz	a1,17d6 <USB_CDC_SendBytes+0x80>
    1762:	9cffe2ef          	jal	t0,130 <__riscv_save_0>
    1766:	1141                	addi	sp,sp,-16
    1768:	4401                	li	s0,0
    176a:	ab818613          	addi	a2,gp,-1352 # 200004a8 <s_tx_buf>
    176e:	89018713          	addi	a4,gp,-1904 # 20000280 <s_tx_head>
    1772:	231e                	lhu	a5,0(a4)
    1774:	89218693          	addi	a3,gp,-1902 # 20000282 <s_tx_tail>
    1778:	2296                	lhu	a3,0(a3)
    177a:	0785                	addi	a5,a5,1
    177c:	1ff7f793          	andi	a5,a5,511
    1780:	02d79d63          	bne	a5,a3,17ba <USB_CDC_SendBytes+0x64>
    1784:	08800493          	li	s1,136
    1788:	8004b073          	csrc	0x800,s1
    178c:	0000100f          	fence.i
    1790:	df5ff0ef          	jal	ra,1584 <USB_CDC_TriggerNextTx>
    1794:	8004a073          	csrs	0x800,s1
    1798:	85a2                	mv	a1,s0
    179a:	c62e                	sw	a1,12(sp)
    179c:	08800413          	li	s0,136
    17a0:	80043073          	csrc	0x800,s0
    17a4:	0000100f          	fence.i
    17a8:	dddff0ef          	jal	ra,1584 <USB_CDC_TriggerNextTx>
    17ac:	80042073          	csrs	0x800,s0
    17b0:	45b2                	lw	a1,12(sp)
    17b2:	0141                	addi	sp,sp,16
    17b4:	852e                	mv	a0,a1
    17b6:	99ffe06f          	j	154 <__riscv_restore_0>
    17ba:	2316                	lhu	a3,0(a4)
    17bc:	00850833          	add	a6,a0,s0
    17c0:	00084803          	lbu	a6,0(a6)
    17c4:	96b2                	add	a3,a3,a2
    17c6:	a31e                	sh	a5,0(a4)
    17c8:	01068023          	sb	a6,0(a3)
    17cc:	0405                	addi	s0,s0,1
    17ce:	fa8590e3          	bne	a1,s0,176e <USB_CDC_SendBytes+0x18>
    17d2:	b7e1                	j	179a <USB_CDC_SendBytes+0x44>
    17d4:	4581                	li	a1,0
    17d6:	852e                	mv	a0,a1
    17d8:	8082                	ret

000017da <USBFS_IRQHandler>:
    17da:	1101                	addi	sp,sp,-32
    17dc:	ce22                	sw	s0,28(sp)
    17de:	cc26                	sw	s1,24(sp)
    17e0:	ca4a                	sw	s2,20(sp)
    17e2:	c84e                	sw	s3,16(sp)
    17e4:	c652                	sw	s4,12(sp)
    17e6:	c456                	sw	s5,8(sp)
    17e8:	50000437          	lui	s0,0x50000
    17ec:	00644903          	lbu	s2,6(s0) # 50000006 <_eusrstack+0x2fffb006>
    17f0:	0ff97913          	andi	s2,s2,255
    17f4:	00297793          	andi	a5,s2,2
    17f8:	c785                	beqz	a5,1820 <USBFS_IRQHandler+0x46>
    17fa:	307c                	lbu	a5,7(s0)
    17fc:	4685                	li	a3,1
    17fe:	0ff7f793          	andi	a5,a5,255
    1802:	00f7f713          	andi	a4,a5,15
    1806:	26d70f63          	beq	a4,a3,1a84 <USBFS_IRQHandler+0x2aa>
    180a:	cb35                	beqz	a4,187e <USBFS_IRQHandler+0xa4>
    180c:	4789                	li	a5,2
    180e:	28f70463          	beq	a4,a5,1a96 <USBFS_IRQHandler+0x2bc>
    1812:	478d                	li	a5,3
    1814:	2af70563          	beq	a4,a5,1abe <USBFS_IRQHandler+0x2e4>
    1818:	500007b7          	lui	a5,0x50000
    181c:	4709                	li	a4,2
    181e:	a3f8                	sb	a4,6(a5)
    1820:	00197793          	andi	a5,s2,1
    1824:	cf85                	beqz	a5,185c <USBFS_IRQHandler+0x82>
    1826:	500007b7          	lui	a5,0x50000
    182a:	000781a3          	sb	zero,3(a5) # 50000003 <_eusrstack+0x2fffb003>
    182e:	86018ba3          	sb	zero,-1929(gp) # 20000267 <s_dev_addr>
    1832:	86018ca3          	sb	zero,-1927(gp) # 20000269 <s_dev_config>
    1836:	86018c23          	sb	zero,-1928(gp) # 20000268 <s_dev_addr_pending>
    183a:	88018223          	sb	zero,-1916(gp) # 20000274 <s_ep2_tx_busy>
    183e:	4709                	li	a4,2
    1840:	02e78923          	sb	a4,50(a5)
    1844:	020789a3          	sb	zero,51(a5)
    1848:	4729                	li	a4,10
    184a:	02e78b23          	sb	a4,54(a5)
    184e:	02e78d23          	sb	a4,58(a5)
    1852:	4721                	li	a4,8
    1854:	02e78fa3          	sb	a4,63(a5)
    1858:	4705                	li	a4,1
    185a:	a3f8                	sb	a4,6(a5)
    185c:	00497913          	andi	s2,s2,4
    1860:	00090663          	beqz	s2,186c <USBFS_IRQHandler+0x92>
    1864:	500007b7          	lui	a5,0x50000
    1868:	4711                	li	a4,4
    186a:	a3f8                	sb	a4,6(a5)
    186c:	4472                	lw	s0,28(sp)
    186e:	44e2                	lw	s1,24(sp)
    1870:	4952                	lw	s2,20(sp)
    1872:	49c2                	lw	s3,16(sp)
    1874:	4a32                	lw	s4,12(sp)
    1876:	4aa2                	lw	s5,8(sp)
    1878:	6105                	addi	sp,sp,32
    187a:	30200073          	mret
    187e:	0307f793          	andi	a5,a5,48
    1882:	03000713          	li	a4,48
    1886:	14e79963          	bne	a5,a4,19d8 <USBFS_IRQHandler+0x1fe>
    188a:	8f81c783          	lbu	a5,-1800(gp) # 200002e8 <s_ep0_buf>
    188e:	88a18713          	addi	a4,gp,-1910 # 2000027a <s_setup_tx_len>
    1892:	8801a623          	sw	zero,-1908(gp) # 2000027c <s_setup_tx_ptr>
    1896:	00071023          	sh	zero,0(a4) # 8000000 <_data_lma+0x7ffb6f0>
    189a:	0607f793          	andi	a5,a5,96
    189e:	8f818713          	addi	a4,gp,-1800 # 200002e8 <s_ep0_buf>
    18a2:	88c18a93          	addi	s5,gp,-1908 # 2000027c <s_setup_tx_ptr>
    18a6:	88a18a13          	addi	s4,gp,-1910 # 2000027a <s_setup_tx_len>
    18aa:	eff9                	bnez	a5,1988 <USBFS_IRQHandler+0x1ae>
    18ac:	331c                	lbu	a5,1(a4)
    18ae:	46a5                	li	a3,9
    18b0:	02f6e563          	bltu	a3,a5,18da <USBFS_IRQHandler+0x100>
    18b4:	6691                	lui	a3,0x4
    18b6:	078a                	slli	a5,a5,0x2
    18b8:	5a468693          	addi	a3,a3,1444 # 45a4 <c_sos_seq+0x20c>
    18bc:	97b6                	add	a5,a5,a3
    18be:	439c                	lw	a5,0(a5)
    18c0:	8782                	jr	a5
    18c2:	233e                	lhu	a5,2(a4)
    18c4:	4609                	li	a2,2
    18c6:	0087d693          	srli	a3,a5,0x8
    18ca:	0cc68c63          	beq	a3,a2,19a2 <USBFS_IRQHandler+0x1c8>
    18ce:	458d                	li	a1,3
    18d0:	00b68863          	beq	a3,a1,18e0 <USBFS_IRQHandler+0x106>
    18d4:	4785                	li	a5,1
    18d6:	0cf68c63          	beq	a3,a5,19ae <USBFS_IRQHandler+0x1d4>
    18da:	4401                	li	s0,0
    18dc:	4781                	li	a5,0
    18de:	a83d                	j	191c <USBFS_IRQHandler+0x142>
    18e0:	0ff7f793          	andi	a5,a5,255
    18e4:	cbe9                	beqz	a5,19b6 <USBFS_IRQHandler+0x1dc>
    18e6:	4585                	li	a1,1
    18e8:	0cb78b63          	beq	a5,a1,19be <USBFS_IRQHandler+0x1e4>
    18ec:	0cc78d63          	beq	a5,a2,19c6 <USBFS_IRQHandler+0x1ec>
    18f0:	fed795e3          	bne	a5,a3,18da <USBFS_IRQHandler+0x100>
    18f4:	6411                	lui	s0,0x4
    18f6:	64c40413          	addi	s0,s0,1612 # 464c <USB_StringSerial>
    18fa:	47c9                	li	a5,18
    18fc:	a005                	j	191c <USBFS_IRQHandler+0x142>
    18fe:	233c                	lbu	a5,2(a4)
    1900:	07f7f793          	andi	a5,a5,127
    1904:	86f18ba3          	sb	a5,-1929(gp) # 20000267 <s_dev_addr>
    1908:	4685                	li	a3,1
    190a:	86d18c23          	sb	a3,-1928(gp) # 20000268 <s_dev_addr_pending>
    190e:	b7f1                	j	18da <USBFS_IRQHandler+0x100>
    1910:	8791c783          	lbu	a5,-1927(gp) # 20000269 <s_dev_config>
    1914:	8f818413          	addi	s0,gp,-1800 # 200002e8 <s_ep0_buf>
    1918:	a31c                	sb	a5,0(a4)
    191a:	4785                	li	a5,1
    191c:	2366                	lhu	s1,6(a4)
    191e:	0097f363          	bgeu	a5,s1,1924 <USBFS_IRQHandler+0x14a>
    1922:	84be                	mv	s1,a5
    1924:	01049993          	slli	s3,s1,0x10
    1928:	0109d993          	srli	s3,s3,0x10
    192c:	04000793          	li	a5,64
    1930:	0137f463          	bgeu	a5,s3,1938 <USBFS_IRQHandler+0x15e>
    1934:	04000493          	li	s1,64
    1938:	04c2                	slli	s1,s1,0x10
    193a:	80c1                	srli	s1,s1,0x10
    193c:	c859                	beqz	s0,19d2 <USBFS_IRQHandler+0x1f8>
    193e:	08e40a63          	beq	s0,a4,19d2 <USBFS_IRQHandler+0x1f8>
    1942:	409989b3          	sub	s3,s3,s1
    1946:	09c2                	slli	s3,s3,0x10
    1948:	85a2                	mv	a1,s0
    194a:	8626                	mv	a2,s1
    194c:	8f818513          	addi	a0,gp,-1800 # 200002e8 <s_ep0_buf>
    1950:	9426                	add	s0,s0,s1
    1952:	0109d993          	srli	s3,s3,0x10
    1956:	737000ef          	jal	ra,288c <memcpy>
    195a:	008aa023          	sw	s0,0(s5)
    195e:	013a1023          	sh	s3,0(s4)
    1962:	500007b7          	lui	a5,0x50000
    1966:	bb86                	sh	s1,48(a5)
    1968:	4711                	li	a4,4
    196a:	02e78923          	sb	a4,50(a5) # 50000032 <_eusrstack+0x2fffb032>
    196e:	02e789a3          	sb	a4,51(a5)
    1972:	b55d                	j	1818 <USBFS_IRQHandler+0x3e>
    1974:	2334                	lbu	a3,2(a4)
    1976:	86d18ca3          	sb	a3,-1927(gp) # 20000269 <s_dev_config>
    197a:	b785                	j	18da <USBFS_IRQHandler+0x100>
    197c:	00071023          	sh	zero,0(a4)
    1980:	8f818413          	addi	s0,gp,-1800 # 200002e8 <s_ep0_buf>
    1984:	4789                	li	a5,2
    1986:	bf59                	j	191c <USBFS_IRQHandler+0x142>
    1988:	02000693          	li	a3,32
    198c:	f4d797e3          	bne	a5,a3,18da <USBFS_IRQHandler+0x100>
    1990:	3314                	lbu	a3,1(a4)
    1992:	02100793          	li	a5,33
    1996:	f4f692e3          	bne	a3,a5,18da <USBFS_IRQHandler+0x100>
    199a:	82018413          	addi	s0,gp,-2016 # 20000210 <s_line_coding>
    199e:	479d                	li	a5,7
    19a0:	bfb5                	j	191c <USBFS_IRQHandler+0x142>
    19a2:	6411                	lui	s0,0x4
    19a4:	5cc40413          	addi	s0,s0,1484 # 45cc <USB_ConfigDescriptor>
    19a8:	04300793          	li	a5,67
    19ac:	bf85                	j	191c <USBFS_IRQHandler+0x142>
    19ae:	6411                	lui	s0,0x4
    19b0:	61040413          	addi	s0,s0,1552 # 4610 <USB_DeviceDescriptor>
    19b4:	b799                	j	18fa <USBFS_IRQHandler+0x120>
    19b6:	83418413          	addi	s0,gp,-1996 # 20000224 <USB_StringLangID>
    19ba:	4791                	li	a5,4
    19bc:	b785                	j	191c <USBFS_IRQHandler+0x142>
    19be:	83818413          	addi	s0,gp,-1992 # 20000228 <USB_StringVendor>
    19c2:	47a1                	li	a5,8
    19c4:	bfa1                	j	191c <USBFS_IRQHandler+0x142>
    19c6:	6411                	lui	s0,0x4
    19c8:	62440413          	addi	s0,s0,1572 # 4624 <USB_StringProduct>
    19cc:	02600793          	li	a5,38
    19d0:	b7b1                	j	191c <USBFS_IRQHandler+0x142>
    19d2:	000a1023          	sh	zero,0(s4)
    19d6:	b771                	j	1962 <USBFS_IRQHandler+0x188>
    19d8:	02000713          	li	a4,32
    19dc:	08e79f63          	bne	a5,a4,1a7a <USBFS_IRQHandler+0x2a0>
    19e0:	87818793          	addi	a5,gp,-1928 # 20000268 <s_dev_addr_pending>
    19e4:	2398                	lbu	a4,0(a5)
    19e6:	0ff77713          	andi	a4,a4,255
    19ea:	cb01                	beqz	a4,19fa <USBFS_IRQHandler+0x220>
    19ec:	8771c703          	lbu	a4,-1929(gp) # 20000267 <s_dev_addr>
    19f0:	0ff77713          	andi	a4,a4,255
    19f4:	b038                	sb	a4,3(s0)
    19f6:	00078023          	sb	zero,0(a5)
    19fa:	88a18793          	addi	a5,gp,-1910 # 2000027a <s_setup_tx_len>
    19fe:	239e                	lhu	a5,0(a5)
    1a00:	88a18413          	addi	s0,gp,-1910 # 2000027a <s_setup_tx_len>
    1a04:	07c2                	slli	a5,a5,0x10
    1a06:	83c1                	srli	a5,a5,0x10
    1a08:	c3bd                	beqz	a5,1a6e <USBFS_IRQHandler+0x294>
    1a0a:	201e                	lhu	a5,0(s0)
    1a0c:	04000713          	li	a4,64
    1a10:	07c2                	slli	a5,a5,0x10
    1a12:	83c1                	srli	a5,a5,0x10
    1a14:	8a3e                	mv	s4,a5
    1a16:	00f77463          	bgeu	a4,a5,1a1e <USBFS_IRQHandler+0x244>
    1a1a:	04000a13          	li	s4,64
    1a1e:	88c18493          	addi	s1,gp,-1908 # 2000027c <s_setup_tx_ptr>
    1a22:	0004a983          	lw	s3,0(s1)
    1a26:	010a1a93          	slli	s5,s4,0x10
    1a2a:	010ada93          	srli	s5,s5,0x10
    1a2e:	8656                	mv	a2,s5
    1a30:	85ce                	mv	a1,s3
    1a32:	8f818513          	addi	a0,gp,-1800 # 200002e8 <s_ep0_buf>
    1a36:	657000ef          	jal	ra,288c <memcpy>
    1a3a:	2012                	lhu	a2,0(s0)
    1a3c:	99d6                	add	s3,s3,s5
    1a3e:	0134a023          	sw	s3,0(s1)
    1a42:	41560633          	sub	a2,a2,s5
    1a46:	0642                	slli	a2,a2,0x10
    1a48:	8241                	srli	a2,a2,0x10
    1a4a:	a012                	sh	a2,0(s0)
    1a4c:	500007b7          	lui	a5,0x50000
    1a50:	03479823          	sh	s4,48(a5) # 50000030 <_eusrstack+0x2fffb030>
    1a54:	0327c703          	lbu	a4,50(a5)
    1a58:	00474713          	xori	a4,a4,4
    1a5c:	02e78923          	sb	a4,50(a5)
    1a60:	0327c703          	lbu	a4,50(a5)
    1a64:	0ff77713          	andi	a4,a4,255
    1a68:	02e78923          	sb	a4,50(a5)
    1a6c:	b375                	j	1818 <USBFS_IRQHandler+0x3e>
    1a6e:	500007b7          	lui	a5,0x50000
    1a72:	02079823          	sh	zero,48(a5) # 50000030 <_eusrstack+0x2fffb030>
    1a76:	4709                	li	a4,2
    1a78:	bfc5                	j	1a68 <USBFS_IRQHandler+0x28e>
    1a7a:	d8079fe3          	bnez	a5,1818 <USBFS_IRQHandler+0x3e>
    1a7e:	020409a3          	sb	zero,51(s0)
    1a82:	bb59                	j	1818 <USBFS_IRQHandler+0x3e>
    1a84:	03644783          	lbu	a5,54(s0)
    1a88:	0fc7f793          	andi	a5,a5,252
    1a8c:	0027e793          	ori	a5,a5,2
    1a90:	02f40b23          	sb	a5,54(s0)
    1a94:	b351                	j	1818 <USBFS_IRQHandler+0x3e>
    1a96:	88418493          	addi	s1,gp,-1916 # 20000274 <s_ep2_tx_busy>
    1a9a:	00048023          	sb	zero,0(s1)
    1a9e:	ae7ff0ef          	jal	ra,1584 <USB_CDC_TriggerNextTx>
    1aa2:	209c                	lbu	a5,0(s1)
    1aa4:	0ff7f793          	andi	a5,a5,255
    1aa8:	d60798e3          	bnez	a5,1818 <USBFS_IRQHandler+0x3e>
    1aac:	03a44783          	lbu	a5,58(s0)
    1ab0:	0fc7f793          	andi	a5,a5,252
    1ab4:	0027e793          	ori	a5,a5,2
    1ab8:	02f40d23          	sb	a5,58(s0)
    1abc:	bbb1                	j	1818 <USBFS_IRQHandler+0x3e>
    1abe:	4414                	lw	a3,8(s0)
    1ac0:	06c2                	slli	a3,a3,0x10
    1ac2:	82c1                	srli	a3,a3,0x10
    1ac4:	4701                	li	a4,0
    1ac6:	9b818613          	addi	a2,gp,-1608 # 200003a8 <s_rx_buf>
    1aca:	97818593          	addi	a1,gp,-1672 # 20000368 <s_ep3_buf>
    1ace:	01071793          	slli	a5,a4,0x10
    1ad2:	83c1                	srli	a5,a5,0x10
    1ad4:	00d7eb63          	bltu	a5,a3,1aea <USBFS_IRQHandler+0x310>
    1ad8:	50000737          	lui	a4,0x50000
    1adc:	03f74783          	lbu	a5,63(a4) # 5000003f <_eusrstack+0x2fffb03f>
    1ae0:	0fc7f793          	andi	a5,a5,252
    1ae4:	02f70fa3          	sb	a5,63(a4)
    1ae8:	bb05                	j	1818 <USBFS_IRQHandler+0x3e>
    1aea:	88618513          	addi	a0,gp,-1914 # 20000276 <s_rx_head>
    1aee:	211e                	lhu	a5,0(a0)
    1af0:	88818813          	addi	a6,gp,-1912 # 20000278 <s_rx_tail>
    1af4:	00085803          	lhu	a6,0(a6)
    1af8:	0785                	addi	a5,a5,1
    1afa:	0ff7f793          	andi	a5,a5,255
    1afe:	01078c63          	beq	a5,a6,1b16 <USBFS_IRQHandler+0x33c>
    1b02:	00055803          	lhu	a6,0(a0)
    1b06:	00e58e33          	add	t3,a1,a4
    1b0a:	000e4e03          	lbu	t3,0(t3)
    1b0e:	9832                	add	a6,a6,a2
    1b10:	a11e                	sh	a5,0(a0)
    1b12:	01c80023          	sb	t3,0(a6)
    1b16:	0705                	addi	a4,a4,1
    1b18:	bf5d                	j	1ace <USBFS_IRQHandler+0x2f4>

00001b1a <ADC1_2_IRQHandler>:
    1b1a:	a001                	j	1b1a <ADC1_2_IRQHandler>

00001b1c <handle_reset>:
    1b1c:	1ffff197          	auipc	gp,0x1ffff
    1b20:	ed418193          	addi	gp,gp,-300 # 200009f0 <__global_pointer$>
    1b24:	20003117          	auipc	sp,0x20003
    1b28:	4dc10113          	addi	sp,sp,1244 # 20005000 <_eusrstack>
    1b2c:	00003517          	auipc	a0,0x3
    1b30:	de450513          	addi	a0,a0,-540 # 4910 <_data_lma>
    1b34:	1fffe597          	auipc	a1,0x1fffe
    1b38:	4cc58593          	addi	a1,a1,1228 # 20000000 <_data_vma>
    1b3c:	84818613          	addi	a2,gp,-1976 # 20000238 <_edata>
    1b40:	00c5fa63          	bgeu	a1,a2,1b54 <handle_reset+0x38>
    1b44:	00052283          	lw	t0,0(a0)
    1b48:	0055a023          	sw	t0,0(a1)
    1b4c:	0511                	addi	a0,a0,4
    1b4e:	0591                	addi	a1,a1,4
    1b50:	fec5eae3          	bltu	a1,a2,1b44 <handle_reset+0x28>
    1b54:	84818513          	addi	a0,gp,-1976 # 20000238 <_edata>
    1b58:	cbc18593          	addi	a1,gp,-836 # 200006ac <_ebss>
    1b5c:	00b57763          	bgeu	a0,a1,1b6a <handle_reset+0x4e>
    1b60:	00052023          	sw	zero,0(a0)
    1b64:	0511                	addi	a0,a0,4
    1b66:	feb56de3          	bltu	a0,a1,1b60 <handle_reset+0x44>
    1b6a:	42fd                	li	t0,31
    1b6c:	bc029073          	csrw	0xbc0,t0
    1b70:	428d                	li	t0,3
    1b72:	80429073          	csrw	0x804,t0
    1b76:	08800293          	li	t0,136
    1b7a:	30029073          	csrw	mstatus,t0
    1b7e:	ffffe297          	auipc	t0,0xffffe
    1b82:	48628293          	addi	t0,t0,1158 # 4 <_einit>
    1b86:	0032e293          	ori	t0,t0,3
    1b8a:	30529073          	csrw	mtvec,t0
    1b8e:	8c1ff0ef          	jal	ra,144e <SystemInit>
    1b92:	fffff297          	auipc	t0,0xfffff
    1b96:	7cc28293          	addi	t0,t0,1996 # 135e <main>
    1b9a:	34129073          	csrw	mepc,t0
    1b9e:	30200073          	mret

00001ba2 <ADC_DeInit>:
    1ba2:	d8efe2ef          	jal	t0,130 <__riscv_save_0>
    1ba6:	400127b7          	lui	a5,0x40012
    1baa:	40078793          	addi	a5,a5,1024 # 40012400 <_eusrstack+0x2000d400>
    1bae:	00f51c63          	bne	a0,a5,1bc6 <ADC_DeInit+0x24>
    1bb2:	4585                	li	a1,1
    1bb4:	20000513          	li	a0,512
    1bb8:	21e1                	jal	2080 <RCC_APB2PeriphResetCmd>
    1bba:	4581                	li	a1,0
    1bbc:	20000513          	li	a0,512
    1bc0:	21c1                	jal	2080 <RCC_APB2PeriphResetCmd>
    1bc2:	d92fe06f          	j	154 <__riscv_restore_0>
    1bc6:	400137b7          	lui	a5,0x40013
    1bca:	80078793          	addi	a5,a5,-2048 # 40012800 <_eusrstack+0x2000d800>
    1bce:	fef51ae3          	bne	a0,a5,1bc2 <ADC_DeInit+0x20>
    1bd2:	4585                	li	a1,1
    1bd4:	40000513          	li	a0,1024
    1bd8:	2165                	jal	2080 <RCC_APB2PeriphResetCmd>
    1bda:	4581                	li	a1,0
    1bdc:	40000513          	li	a0,1024
    1be0:	b7c5                	j	1bc0 <ADC_DeInit+0x1e>

00001be2 <ADC_Init>:
    1be2:	415c                	lw	a5,4(a0)
    1be4:	e0f10737          	lui	a4,0xe0f10
    1be8:	eff70713          	addi	a4,a4,-257 # e0f0feff <_eusrstack+0xc0f0aeff>
    1bec:	4d94                	lw	a3,24(a1)
    1bee:	8f7d                	and	a4,a4,a5
    1bf0:	419c                	lw	a5,0(a1)
    1bf2:	8fd5                	or	a5,a5,a3
    1bf4:	4dd4                	lw	a3,28(a1)
    1bf6:	8fd5                	or	a5,a5,a3
    1bf8:	41d4                	lw	a3,4(a1)
    1bfa:	06a2                	slli	a3,a3,0x8
    1bfc:	8fd5                	or	a5,a5,a3
    1bfe:	8fd9                	or	a5,a5,a4
    1c00:	c15c                	sw	a5,4(a0)
    1c02:	451c                	lw	a5,8(a0)
    1c04:	fff1f737          	lui	a4,0xfff1f
    1c08:	7fd70713          	addi	a4,a4,2045 # fff1f7fd <_eusrstack+0xdff1a7fd>
    1c0c:	45d4                	lw	a3,12(a1)
    1c0e:	8f7d                	and	a4,a4,a5
    1c10:	499c                	lw	a5,16(a1)
    1c12:	8fd5                	or	a5,a5,a3
    1c14:	4594                	lw	a3,8(a1)
    1c16:	0686                	slli	a3,a3,0x1
    1c18:	8fd5                	or	a5,a5,a3
    1c1a:	8fd9                	or	a5,a5,a4
    1c1c:	c51c                	sw	a5,8(a0)
    1c1e:	555c                	lw	a5,44(a0)
    1c20:	ff100737          	lui	a4,0xff100
    1c24:	177d                	addi	a4,a4,-1
    1c26:	8f7d                	and	a4,a4,a5
    1c28:	29dc                	lbu	a5,20(a1)
    1c2a:	17fd                	addi	a5,a5,-1
    1c2c:	0ff7f793          	andi	a5,a5,255
    1c30:	07d2                	slli	a5,a5,0x14
    1c32:	8fd9                	or	a5,a5,a4
    1c34:	d55c                	sw	a5,44(a0)
    1c36:	8082                	ret

00001c38 <ADC_Cmd>:
    1c38:	451c                	lw	a5,8(a0)
    1c3a:	c589                	beqz	a1,1c44 <ADC_Cmd+0xc>
    1c3c:	0017e793          	ori	a5,a5,1
    1c40:	c51c                	sw	a5,8(a0)
    1c42:	8082                	ret
    1c44:	9bf9                	andi	a5,a5,-2
    1c46:	bfed                	j	1c40 <ADC_Cmd+0x8>

00001c48 <ADC_ResetCalibration>:
    1c48:	451c                	lw	a5,8(a0)
    1c4a:	0087e793          	ori	a5,a5,8
    1c4e:	c51c                	sw	a5,8(a0)
    1c50:	8082                	ret

00001c52 <ADC_GetResetCalibrationStatus>:
    1c52:	4508                	lw	a0,8(a0)
    1c54:	810d                	srli	a0,a0,0x3
    1c56:	8905                	andi	a0,a0,1
    1c58:	8082                	ret

00001c5a <ADC_StartCalibration>:
    1c5a:	451c                	lw	a5,8(a0)
    1c5c:	0047e793          	ori	a5,a5,4
    1c60:	c51c                	sw	a5,8(a0)
    1c62:	8082                	ret

00001c64 <ADC_GetCalibrationStatus>:
    1c64:	4508                	lw	a0,8(a0)
    1c66:	8109                	srli	a0,a0,0x2
    1c68:	8905                	andi	a0,a0,1
    1c6a:	8082                	ret

00001c6c <ADC_SoftwareStartConvCmd>:
    1c6c:	451c                	lw	a5,8(a0)
    1c6e:	c591                	beqz	a1,1c7a <ADC_SoftwareStartConvCmd+0xe>
    1c70:	00500737          	lui	a4,0x500
    1c74:	8fd9                	or	a5,a5,a4
    1c76:	c51c                	sw	a5,8(a0)
    1c78:	8082                	ret
    1c7a:	ffb00737          	lui	a4,0xffb00
    1c7e:	177d                	addi	a4,a4,-1
    1c80:	8ff9                	and	a5,a5,a4
    1c82:	bfd5                	j	1c76 <ADC_SoftwareStartConvCmd+0xa>

00001c84 <ADC_RegularChannelConfig>:
    1c84:	47a5                	li	a5,9
    1c86:	04b7f763          	bgeu	a5,a1,1cd4 <ADC_RegularChannelConfig+0x50>
    1c8a:	478d                	li	a5,3
    1c8c:	ff658713          	addi	a4,a1,-10
    1c90:	02f70733          	mul	a4,a4,a5
    1c94:	00c52803          	lw	a6,12(a0)
    1c98:	479d                	li	a5,7
    1c9a:	00e797b3          	sll	a5,a5,a4
    1c9e:	fff7c793          	not	a5,a5
    1ca2:	0107f7b3          	and	a5,a5,a6
    1ca6:	00e696b3          	sll	a3,a3,a4
    1caa:	8edd                	or	a3,a3,a5
    1cac:	c554                	sw	a3,12(a0)
    1cae:	4799                	li	a5,6
    1cb0:	04c7e363          	bltu	a5,a2,1cf6 <ADC_RegularChannelConfig+0x72>
    1cb4:	4795                	li	a5,5
    1cb6:	167d                	addi	a2,a2,-1
    1cb8:	02f60633          	mul	a2,a2,a5
    1cbc:	5958                	lw	a4,52(a0)
    1cbe:	47fd                	li	a5,31
    1cc0:	00c797b3          	sll	a5,a5,a2
    1cc4:	fff7c793          	not	a5,a5
    1cc8:	8ff9                	and	a5,a5,a4
    1cca:	00c59633          	sll	a2,a1,a2
    1cce:	8e5d                	or	a2,a2,a5
    1cd0:	d950                	sw	a2,52(a0)
    1cd2:	8082                	ret
    1cd4:	470d                	li	a4,3
    1cd6:	02e58733          	mul	a4,a1,a4
    1cda:	01052803          	lw	a6,16(a0)
    1cde:	479d                	li	a5,7
    1ce0:	00e797b3          	sll	a5,a5,a4
    1ce4:	fff7c793          	not	a5,a5
    1ce8:	0107f7b3          	and	a5,a5,a6
    1cec:	00e696b3          	sll	a3,a3,a4
    1cf0:	8edd                	or	a3,a3,a5
    1cf2:	c914                	sw	a3,16(a0)
    1cf4:	bf6d                	j	1cae <ADC_RegularChannelConfig+0x2a>
    1cf6:	47b1                	li	a5,12
    1cf8:	02c7e263          	bltu	a5,a2,1d1c <ADC_RegularChannelConfig+0x98>
    1cfc:	4795                	li	a5,5
    1cfe:	1665                	addi	a2,a2,-7
    1d00:	02f60633          	mul	a2,a2,a5
    1d04:	5918                	lw	a4,48(a0)
    1d06:	47fd                	li	a5,31
    1d08:	00c797b3          	sll	a5,a5,a2
    1d0c:	fff7c793          	not	a5,a5
    1d10:	8ff9                	and	a5,a5,a4
    1d12:	00c59633          	sll	a2,a1,a2
    1d16:	8e5d                	or	a2,a2,a5
    1d18:	d910                	sw	a2,48(a0)
    1d1a:	8082                	ret
    1d1c:	4795                	li	a5,5
    1d1e:	164d                	addi	a2,a2,-13
    1d20:	02f60633          	mul	a2,a2,a5
    1d24:	5558                	lw	a4,44(a0)
    1d26:	47fd                	li	a5,31
    1d28:	00c797b3          	sll	a5,a5,a2
    1d2c:	fff7c793          	not	a5,a5
    1d30:	8ff9                	and	a5,a5,a4
    1d32:	00c595b3          	sll	a1,a1,a2
    1d36:	8ddd                	or	a1,a1,a5
    1d38:	d54c                	sw	a1,44(a0)
    1d3a:	8082                	ret

00001d3c <ADC_GetConversionValue>:
    1d3c:	4568                	lw	a0,76(a0)
    1d3e:	0542                	slli	a0,a0,0x10
    1d40:	8141                	srli	a0,a0,0x10
    1d42:	8082                	ret

00001d44 <ADC_TempSensorVrefintCmd>:
    1d44:	400127b7          	lui	a5,0x40012
    1d48:	40078793          	addi	a5,a5,1024 # 40012400 <_eusrstack+0x2000d400>
    1d4c:	4798                	lw	a4,8(a5)
    1d4e:	c511                	beqz	a0,1d5a <ADC_TempSensorVrefintCmd+0x16>
    1d50:	008006b7          	lui	a3,0x800
    1d54:	8f55                	or	a4,a4,a3
    1d56:	c798                	sw	a4,8(a5)
    1d58:	8082                	ret
    1d5a:	ff8006b7          	lui	a3,0xff800
    1d5e:	16fd                	addi	a3,a3,-1
    1d60:	8f75                	and	a4,a4,a3
    1d62:	bfd5                	j	1d56 <ADC_TempSensorVrefintCmd+0x12>

00001d64 <ADC_GetFlagStatus>:
    1d64:	4108                	lw	a0,0(a0)
    1d66:	8d6d                	and	a0,a0,a1
    1d68:	00a03533          	snez	a0,a0
    1d6c:	8082                	ret

00001d6e <GPIO_Init>:
    1d6e:	459c                	lw	a5,8(a1)
    1d70:	0107f713          	andi	a4,a5,16
    1d74:	00f7f813          	andi	a6,a5,15
    1d78:	c701                	beqz	a4,1d80 <GPIO_Init+0x12>
    1d7a:	41d8                	lw	a4,4(a1)
    1d7c:	00e86833          	or	a6,a6,a4
    1d80:	40022737          	lui	a4,0x40022
    1d84:	5b14                	lw	a3,48(a4)
    1d86:	0f000737          	lui	a4,0xf000
    1d8a:	8f75                	and	a4,a4,a3
    1d8c:	eb4d                	bnez	a4,1e3e <GPIO_Init+0xd0>
    1d8e:	4685                	li	a3,1
    1d90:	88d18a23          	sb	a3,-1900(gp) # 20000284 <MCU_Version>
    1d94:	40011737          	lui	a4,0x40011
    1d98:	00e51563          	bne	a0,a4,1da2 <GPIO_Init+0x34>
    1d9c:	219a                	lhu	a4,0(a1)
    1d9e:	8335                	srli	a4,a4,0xd
    1da0:	a19a                	sh	a4,0(a1)
    1da2:	218e                	lhu	a1,0(a1)
    1da4:	0ff5f713          	andi	a4,a1,255
    1da8:	c339                	beqz	a4,1dee <GPIO_Init+0x80>
    1daa:	4118                	lw	a4,0(a0)
    1dac:	4681                	li	a3,0
    1dae:	4e85                	li	t4,1
    1db0:	4f3d                	li	t5,15
    1db2:	02800f93          	li	t6,40
    1db6:	04800293          	li	t0,72
    1dba:	4e21                	li	t3,8
    1dbc:	00de9633          	sll	a2,t4,a3
    1dc0:	00c5f8b3          	and	a7,a1,a2
    1dc4:	03161163          	bne	a2,a7,1de6 <GPIO_Init+0x78>
    1dc8:	00269893          	slli	a7,a3,0x2
    1dcc:	011f1333          	sll	t1,t5,a7
    1dd0:	fff34313          	not	t1,t1
    1dd4:	00e37733          	and	a4,t1,a4
    1dd8:	011818b3          	sll	a7,a6,a7
    1ddc:	00e8e733          	or	a4,a7,a4
    1de0:	07f79763          	bne	a5,t6,1e4e <GPIO_Init+0xe0>
    1de4:	c950                	sw	a2,20(a0)
    1de6:	0685                	addi	a3,a3,1
    1de8:	fdc69ae3          	bne	a3,t3,1dbc <GPIO_Init+0x4e>
    1dec:	c118                	sw	a4,0(a0)
    1dee:	0ff00713          	li	a4,255
    1df2:	04b77563          	bgeu	a4,a1,1e3c <GPIO_Init+0xce>
    1df6:	4154                	lw	a3,4(a0)
    1df8:	4621                	li	a2,8
    1dfa:	4e85                	li	t4,1
    1dfc:	4f3d                	li	t5,15
    1dfe:	02800f93          	li	t6,40
    1e02:	04800293          	li	t0,72
    1e06:	4e41                	li	t3,16
    1e08:	00ce98b3          	sll	a7,t4,a2
    1e0c:	0115f733          	and	a4,a1,a7
    1e10:	02e89263          	bne	a7,a4,1e34 <GPIO_Init+0xc6>
    1e14:	00261713          	slli	a4,a2,0x2
    1e18:	1701                	addi	a4,a4,-32
    1e1a:	00ef1333          	sll	t1,t5,a4
    1e1e:	fff34313          	not	t1,t1
    1e22:	00d376b3          	and	a3,t1,a3
    1e26:	00e81733          	sll	a4,a6,a4
    1e2a:	8ed9                	or	a3,a3,a4
    1e2c:	03f79563          	bne	a5,t6,1e56 <GPIO_Init+0xe8>
    1e30:	01152a23          	sw	a7,20(a0)
    1e34:	0605                	addi	a2,a2,1
    1e36:	fdc619e3          	bne	a2,t3,1e08 <GPIO_Init+0x9a>
    1e3a:	c154                	sw	a3,4(a0)
    1e3c:	8082                	ret
    1e3e:	40011737          	lui	a4,0x40011
    1e42:	f6e510e3          	bne	a0,a4,1da2 <GPIO_Init+0x34>
    1e46:	8941c703          	lbu	a4,-1900(gp) # 20000284 <MCU_Version>
    1e4a:	df21                	beqz	a4,1da2 <GPIO_Init+0x34>
    1e4c:	bf81                	j	1d9c <GPIO_Init+0x2e>
    1e4e:	f8579ce3          	bne	a5,t0,1de6 <GPIO_Init+0x78>
    1e52:	c910                	sw	a2,16(a0)
    1e54:	bf49                	j	1de6 <GPIO_Init+0x78>
    1e56:	fc579fe3          	bne	a5,t0,1e34 <GPIO_Init+0xc6>
    1e5a:	01152823          	sw	a7,16(a0)
    1e5e:	bfd9                	j	1e34 <GPIO_Init+0xc6>

00001e60 <GPIO_ReadInputDataBit>:
    1e60:	400117b7          	lui	a5,0x40011
    1e64:	00f51663          	bne	a0,a5,1e70 <GPIO_ReadInputDataBit+0x10>
    1e68:	8941c783          	lbu	a5,-1900(gp) # 20000284 <MCU_Version>
    1e6c:	c391                	beqz	a5,1e70 <GPIO_ReadInputDataBit+0x10>
    1e6e:	81b5                	srli	a1,a1,0xd
    1e70:	4508                	lw	a0,8(a0)
    1e72:	8d6d                	and	a0,a0,a1
    1e74:	00a03533          	snez	a0,a0
    1e78:	8082                	ret

00001e7a <GPIO_ResetBits>:
    1e7a:	400117b7          	lui	a5,0x40011
    1e7e:	00f51663          	bne	a0,a5,1e8a <GPIO_ResetBits+0x10>
    1e82:	8941c783          	lbu	a5,-1900(gp) # 20000284 <MCU_Version>
    1e86:	c391                	beqz	a5,1e8a <GPIO_ResetBits+0x10>
    1e88:	81b5                	srli	a1,a1,0xd
    1e8a:	c94c                	sw	a1,20(a0)
    1e8c:	8082                	ret

00001e8e <NVIC_PriorityGroupConfig>:
    1e8e:	88a1ac23          	sw	a0,-1896(gp) # 20000288 <NVIC_Priority_Group>
    1e92:	8082                	ret

00001e94 <PWR_WakeUpPinCmd>:
    1e94:	40007737          	lui	a4,0x40007
    1e98:	435c                	lw	a5,4(a4)
    1e9a:	c509                	beqz	a0,1ea4 <PWR_WakeUpPinCmd+0x10>
    1e9c:	1007e793          	ori	a5,a5,256
    1ea0:	c35c                	sw	a5,4(a4)
    1ea2:	8082                	ret
    1ea4:	eff7f793          	andi	a5,a5,-257
    1ea8:	bfe5                	j	1ea0 <PWR_WakeUpPinCmd+0xc>

00001eaa <PWR_EnterSTANDBYMode>:
    1eaa:	400077b7          	lui	a5,0x40007
    1eae:	4398                	lw	a4,0(a5)
    1eb0:	00476713          	ori	a4,a4,4
    1eb4:	c398                	sw	a4,0(a5)
    1eb6:	4398                	lw	a4,0(a5)
    1eb8:	00276713          	ori	a4,a4,2
    1ebc:	c398                	sw	a4,0(a5)
    1ebe:	e000f7b7          	lui	a5,0xe000f
    1ec2:	d107a703          	lw	a4,-752(a5) # e000ed10 <_eusrstack+0xc0009d10>
    1ec6:	00476713          	ori	a4,a4,4
    1eca:	d0e7a823          	sw	a4,-752(a5)
    1ece:	d107a703          	lw	a4,-752(a5)
    1ed2:	9b5d                	andi	a4,a4,-9
    1ed4:	d0e7a823          	sw	a4,-752(a5)
    1ed8:	10500073          	wfi
    1edc:	8082                	ret

00001ede <PWR_GetFlagStatus>:
    1ede:	400077b7          	lui	a5,0x40007
    1ee2:	43dc                	lw	a5,4(a5)
    1ee4:	8d7d                	and	a0,a0,a5
    1ee6:	00a03533          	snez	a0,a0
    1eea:	8082                	ret

00001eec <PWR_ClearFlag>:
    1eec:	400077b7          	lui	a5,0x40007
    1ef0:	4398                	lw	a4,0(a5)
    1ef2:	050a                	slli	a0,a0,0x2
    1ef4:	8d59                	or	a0,a0,a4
    1ef6:	c388                	sw	a0,0(a5)
    1ef8:	8082                	ret

00001efa <RCC_DeInit>:
    1efa:	400217b7          	lui	a5,0x40021
    1efe:	4398                	lw	a4,0(a5)
    1f00:	f0ff06b7          	lui	a3,0xf0ff0
    1f04:	00176713          	ori	a4,a4,1
    1f08:	c398                	sw	a4,0(a5)
    1f0a:	43d8                	lw	a4,4(a5)
    1f0c:	8f75                	and	a4,a4,a3
    1f0e:	c3d8                	sw	a4,4(a5)
    1f10:	4398                	lw	a4,0(a5)
    1f12:	fef706b7          	lui	a3,0xfef70
    1f16:	16fd                	addi	a3,a3,-1
    1f18:	8f75                	and	a4,a4,a3
    1f1a:	c398                	sw	a4,0(a5)
    1f1c:	4398                	lw	a4,0(a5)
    1f1e:	fffc06b7          	lui	a3,0xfffc0
    1f22:	16fd                	addi	a3,a3,-1
    1f24:	8f75                	and	a4,a4,a3
    1f26:	c398                	sw	a4,0(a5)
    1f28:	43d8                	lw	a4,4(a5)
    1f2a:	ff0106b7          	lui	a3,0xff010
    1f2e:	16fd                	addi	a3,a3,-1
    1f30:	8f75                	and	a4,a4,a3
    1f32:	c3d8                	sw	a4,4(a5)
    1f34:	009f0737          	lui	a4,0x9f0
    1f38:	c798                	sw	a4,8(a5)
    1f3a:	8082                	ret

00001f3c <RCC_USBCLKConfig>:
    1f3c:	400217b7          	lui	a5,0x40021
    1f40:	43d8                	lw	a4,4(a5)
    1f42:	ff4006b7          	lui	a3,0xff400
    1f46:	16fd                	addi	a3,a3,-1
    1f48:	8f75                	and	a4,a4,a3
    1f4a:	c3d8                	sw	a4,4(a5)
    1f4c:	43d8                	lw	a4,4(a5)
    1f4e:	055a                	slli	a0,a0,0x16
    1f50:	8d59                	or	a0,a0,a4
    1f52:	c3c8                	sw	a0,4(a5)
    1f54:	8082                	ret

00001f56 <RCC_ADCCLKConfig>:
    1f56:	400216b7          	lui	a3,0x40021
    1f5a:	42dc                	lw	a5,4(a3)
    1f5c:	7751                	lui	a4,0xffff4
    1f5e:	177d                	addi	a4,a4,-1
    1f60:	8ff9                	and	a5,a5,a4
    1f62:	8d5d                	or	a0,a0,a5
    1f64:	c2c8                	sw	a0,4(a3)
    1f66:	8082                	ret

00001f68 <RCC_GetClocksFreq>:
    1f68:	40021737          	lui	a4,0x40021
    1f6c:	435c                	lw	a5,4(a4)
    1f6e:	4691                	li	a3,4
    1f70:	8bb1                	andi	a5,a5,12
    1f72:	00d78563          	beq	a5,a3,1f7c <RCC_GetClocksFreq+0x14>
    1f76:	46a1                	li	a3,8
    1f78:	06d78263          	beq	a5,a3,1fdc <RCC_GetClocksFreq+0x74>
    1f7c:	007a17b7          	lui	a5,0x7a1
    1f80:	20078793          	addi	a5,a5,512 # 7a1200 <_data_lma+0x79c8f0>
    1f84:	c11c                	sw	a5,0(a0)
    1f86:	40021637          	lui	a2,0x40021
    1f8a:	425c                	lw	a5,4(a2)
    1f8c:	20000737          	lui	a4,0x20000
    1f90:	01070713          	addi	a4,a4,16 # 20000010 <APBAHBPrescTable>
    1f94:	8391                	srli	a5,a5,0x4
    1f96:	8bbd                	andi	a5,a5,15
    1f98:	97ba                	add	a5,a5,a4
    1f9a:	2394                	lbu	a3,0(a5)
    1f9c:	411c                	lw	a5,0(a0)
    1f9e:	00d7d7b3          	srl	a5,a5,a3
    1fa2:	c15c                	sw	a5,4(a0)
    1fa4:	4254                	lw	a3,4(a2)
    1fa6:	82a1                	srli	a3,a3,0x8
    1fa8:	8a9d                	andi	a3,a3,7
    1faa:	96ba                	add	a3,a3,a4
    1fac:	2294                	lbu	a3,0(a3)
    1fae:	00d7d6b3          	srl	a3,a5,a3
    1fb2:	c514                	sw	a3,8(a0)
    1fb4:	4254                	lw	a3,4(a2)
    1fb6:	82ad                	srli	a3,a3,0xb
    1fb8:	8a9d                	andi	a3,a3,7
    1fba:	9736                	add	a4,a4,a3
    1fbc:	2318                	lbu	a4,0(a4)
    1fbe:	00e7d7b3          	srl	a5,a5,a4
    1fc2:	c55c                	sw	a5,12(a0)
    1fc4:	4258                	lw	a4,4(a2)
    1fc6:	8339                	srli	a4,a4,0xe
    1fc8:	00377693          	andi	a3,a4,3
    1fcc:	82818713          	addi	a4,gp,-2008 # 20000218 <ADCPrescTable>
    1fd0:	9736                	add	a4,a4,a3
    1fd2:	2318                	lbu	a4,0(a4)
    1fd4:	02e7d7b3          	divu	a5,a5,a4
    1fd8:	c91c                	sw	a5,16(a0)
    1fda:	8082                	ret
    1fdc:	435c                	lw	a5,4(a4)
    1fde:	4358                	lw	a4,4(a4)
    1fe0:	66c1                	lui	a3,0x10
    1fe2:	83c9                	srli	a5,a5,0x12
    1fe4:	8bbd                	andi	a5,a5,15
    1fe6:	8f75                	and	a4,a4,a3
    1fe8:	0789                	addi	a5,a5,2
    1fea:	46c5                	li	a3,17
    1fec:	00d79363          	bne	a5,a3,1ff2 <RCC_GetClocksFreq+0x8a>
    1ff0:	47c9                	li	a5,18
    1ff2:	ef01                	bnez	a4,200a <RCC_GetClocksFreq+0xa2>
    1ff4:	40024737          	lui	a4,0x40024
    1ff8:	80072703          	lw	a4,-2048(a4) # 40023800 <_eusrstack+0x2001e800>
    1ffc:	8b41                	andi	a4,a4,16
    1ffe:	cf09                	beqz	a4,2018 <RCC_GetClocksFreq+0xb0>
    2000:	007a1737          	lui	a4,0x7a1
    2004:	20070713          	addi	a4,a4,512 # 7a1200 <_data_lma+0x79c8f0>
    2008:	a821                	j	2020 <RCC_GetClocksFreq+0xb8>
    200a:	40021737          	lui	a4,0x40021
    200e:	4358                	lw	a4,4(a4)
    2010:	00e71693          	slli	a3,a4,0xe
    2014:	fe06d6e3          	bgez	a3,2000 <RCC_GetClocksFreq+0x98>
    2018:	003d1737          	lui	a4,0x3d1
    201c:	90070713          	addi	a4,a4,-1792 # 3d0900 <_data_lma+0x3cbff0>
    2020:	02e787b3          	mul	a5,a5,a4
    2024:	b785                	j	1f84 <RCC_GetClocksFreq+0x1c>

00002026 <RCC_AHBPeriphClockCmd>:
    2026:	c599                	beqz	a1,2034 <RCC_AHBPeriphClockCmd+0xe>
    2028:	40021737          	lui	a4,0x40021
    202c:	4b5c                	lw	a5,20(a4)
    202e:	8d5d                	or	a0,a0,a5
    2030:	cb48                	sw	a0,20(a4)
    2032:	8082                	ret
    2034:	400217b7          	lui	a5,0x40021
    2038:	4bd8                	lw	a4,20(a5)
    203a:	fff54513          	not	a0,a0
    203e:	8d79                	and	a0,a0,a4
    2040:	cbc8                	sw	a0,20(a5)
    2042:	8082                	ret

00002044 <RCC_APB2PeriphClockCmd>:
    2044:	c599                	beqz	a1,2052 <RCC_APB2PeriphClockCmd+0xe>
    2046:	40021737          	lui	a4,0x40021
    204a:	4f1c                	lw	a5,24(a4)
    204c:	8d5d                	or	a0,a0,a5
    204e:	cf08                	sw	a0,24(a4)
    2050:	8082                	ret
    2052:	400217b7          	lui	a5,0x40021
    2056:	4f98                	lw	a4,24(a5)
    2058:	fff54513          	not	a0,a0
    205c:	8d79                	and	a0,a0,a4
    205e:	cf88                	sw	a0,24(a5)
    2060:	8082                	ret

00002062 <RCC_APB1PeriphClockCmd>:
    2062:	c599                	beqz	a1,2070 <RCC_APB1PeriphClockCmd+0xe>
    2064:	40021737          	lui	a4,0x40021
    2068:	4f5c                	lw	a5,28(a4)
    206a:	8d5d                	or	a0,a0,a5
    206c:	cf48                	sw	a0,28(a4)
    206e:	8082                	ret
    2070:	400217b7          	lui	a5,0x40021
    2074:	4fd8                	lw	a4,28(a5)
    2076:	fff54513          	not	a0,a0
    207a:	8d79                	and	a0,a0,a4
    207c:	cfc8                	sw	a0,28(a5)
    207e:	8082                	ret

00002080 <RCC_APB2PeriphResetCmd>:
    2080:	c599                	beqz	a1,208e <RCC_APB2PeriphResetCmd+0xe>
    2082:	40021737          	lui	a4,0x40021
    2086:	475c                	lw	a5,12(a4)
    2088:	8d5d                	or	a0,a0,a5
    208a:	c748                	sw	a0,12(a4)
    208c:	8082                	ret
    208e:	400217b7          	lui	a5,0x40021
    2092:	47d8                	lw	a4,12(a5)
    2094:	fff54513          	not	a0,a0
    2098:	8d79                	and	a0,a0,a4
    209a:	c7c8                	sw	a0,12(a5)
    209c:	8082                	ret

0000209e <RCC_APB1PeriphResetCmd>:
    209e:	c599                	beqz	a1,20ac <RCC_APB1PeriphResetCmd+0xe>
    20a0:	40021737          	lui	a4,0x40021
    20a4:	4b1c                	lw	a5,16(a4)
    20a6:	8d5d                	or	a0,a0,a5
    20a8:	cb08                	sw	a0,16(a4)
    20aa:	8082                	ret
    20ac:	400217b7          	lui	a5,0x40021
    20b0:	4b98                	lw	a4,16(a5)
    20b2:	fff54513          	not	a0,a0
    20b6:	8d79                	and	a0,a0,a4
    20b8:	cb88                	sw	a0,16(a5)
    20ba:	8082                	ret

000020bc <TIM_TimeBaseInit>:
    20bc:	211e                	lhu	a5,0(a0)
    20be:	40013737          	lui	a4,0x40013
    20c2:	c0070713          	addi	a4,a4,-1024 # 40012c00 <_eusrstack+0x2000dc00>
    20c6:	07c2                	slli	a5,a5,0x10
    20c8:	83c1                	srli	a5,a5,0x10
    20ca:	02e50063          	beq	a0,a4,20ea <TIM_TimeBaseInit+0x2e>
    20ce:	40000737          	lui	a4,0x40000
    20d2:	00e50c63          	beq	a0,a4,20ea <TIM_TimeBaseInit+0x2e>
    20d6:	40070713          	addi	a4,a4,1024 # 40000400 <_eusrstack+0x1fffb400>
    20da:	00e50863          	beq	a0,a4,20ea <TIM_TimeBaseInit+0x2e>
    20de:	40001737          	lui	a4,0x40001
    20e2:	80070713          	addi	a4,a4,-2048 # 40000800 <_eusrstack+0x1fffb800>
    20e6:	00e51663          	bne	a0,a4,20f2 <TIM_TimeBaseInit+0x36>
    20ea:	21ba                	lhu	a4,2(a1)
    20ec:	f8f7f793          	andi	a5,a5,-113
    20f0:	8fd9                	or	a5,a5,a4
    20f2:	21fa                	lhu	a4,6(a1)
    20f4:	cff7f793          	andi	a5,a5,-769
    20f8:	07c2                	slli	a5,a5,0x10
    20fa:	83c1                	srli	a5,a5,0x10
    20fc:	8fd9                	or	a5,a5,a4
    20fe:	a11e                	sh	a5,0(a0)
    2100:	21de                	lhu	a5,4(a1)
    2102:	b55e                	sh	a5,44(a0)
    2104:	219e                	lhu	a5,0(a1)
    2106:	b51e                	sh	a5,40(a0)
    2108:	400137b7          	lui	a5,0x40013
    210c:	c0078793          	addi	a5,a5,-1024 # 40012c00 <_eusrstack+0x2000dc00>
    2110:	00f51463          	bne	a0,a5,2118 <TIM_TimeBaseInit+0x5c>
    2114:	259c                	lbu	a5,8(a1)
    2116:	b91e                	sh	a5,48(a0)
    2118:	4785                	li	a5,1
    211a:	a95e                	sh	a5,20(a0)
    211c:	8082                	ret

0000211e <TIM_OC3Init>:
    211e:	311e                	lhu	a5,32(a0)
    2120:	0085d803          	lhu	a6,8(a1)
    2124:	07c2                	slli	a5,a5,0x10
    2126:	83c1                	srli	a5,a5,0x10
    2128:	eff7f793          	andi	a5,a5,-257
    212c:	07c2                	slli	a5,a5,0x10
    212e:	83c1                	srli	a5,a5,0x10
    2130:	b11e                	sh	a5,32(a0)
    2132:	311e                	lhu	a5,32(a0)
    2134:	2156                	lhu	a3,4(a0)
    2136:	2d5a                	lhu	a4,28(a0)
    2138:	07c2                	slli	a5,a5,0x10
    213a:	01069613          	slli	a2,a3,0x10
    213e:	0742                	slli	a4,a4,0x10
    2140:	2196                	lhu	a3,0(a1)
    2142:	8341                	srli	a4,a4,0x10
    2144:	f8c77713          	andi	a4,a4,-116
    2148:	8f55                	or	a4,a4,a3
    214a:	21b6                	lhu	a3,2(a1)
    214c:	83c1                	srli	a5,a5,0x10
    214e:	dff7f793          	andi	a5,a5,-513
    2152:	0106e6b3          	or	a3,a3,a6
    2156:	06a2                	slli	a3,a3,0x8
    2158:	8fd5                	or	a5,a5,a3
    215a:	400136b7          	lui	a3,0x40013
    215e:	07c2                	slli	a5,a5,0x10
    2160:	c0068693          	addi	a3,a3,-1024 # 40012c00 <_eusrstack+0x2000dc00>
    2164:	8241                	srli	a2,a2,0x10
    2166:	83c1                	srli	a5,a5,0x10
    2168:	02d51f63          	bne	a0,a3,21a6 <TIM_OC3Init+0x88>
    216c:	76fd                	lui	a3,0xfffff
    216e:	7ff68693          	addi	a3,a3,2047 # fffff7ff <_eusrstack+0xdfffa7ff>
    2172:	8ff5                	and	a5,a5,a3
    2174:	25b6                	lhu	a3,10(a1)
    2176:	00c5d803          	lhu	a6,12(a1)
    217a:	06a2                	slli	a3,a3,0x8
    217c:	8fd5                	or	a5,a5,a3
    217e:	21d6                	lhu	a3,4(a1)
    2180:	07c2                	slli	a5,a5,0x10
    2182:	83c1                	srli	a5,a5,0x10
    2184:	06a2                	slli	a3,a3,0x8
    2186:	bff7f793          	andi	a5,a5,-1025
    218a:	8fd5                	or	a5,a5,a3
    218c:	76f5                	lui	a3,0xffffd
    218e:	16fd                	addi	a3,a3,-1
    2190:	8ef1                	and	a3,a3,a2
    2192:	25f2                	lhu	a2,14(a1)
    2194:	07c2                	slli	a5,a5,0x10
    2196:	83c1                	srli	a5,a5,0x10
    2198:	01066633          	or	a2,a2,a6
    219c:	0612                	slli	a2,a2,0x4
    219e:	8ed1                	or	a3,a3,a2
    21a0:	01069613          	slli	a2,a3,0x10
    21a4:	8241                	srli	a2,a2,0x10
    21a6:	a152                	sh	a2,4(a0)
    21a8:	ad5a                	sh	a4,28(a0)
    21aa:	21fa                	lhu	a4,6(a1)
    21ac:	bd5a                	sh	a4,60(a0)
    21ae:	b11e                	sh	a5,32(a0)
    21b0:	8082                	ret

000021b2 <TIM_OC4Init>:
    21b2:	311a                	lhu	a4,32(a0)
    21b4:	77fd                	lui	a5,0xfffff
    21b6:	17fd                	addi	a5,a5,-1
    21b8:	8ff9                	and	a5,a5,a4
    21ba:	b11e                	sh	a5,32(a0)
    21bc:	02055803          	lhu	a6,32(a0)
    21c0:	2156                	lhu	a3,4(a0)
    21c2:	2d5e                	lhu	a5,28(a0)
    21c4:	7765                	lui	a4,0xffff9
    21c6:	2192                	lhu	a2,0(a1)
    21c8:	cff70713          	addi	a4,a4,-769 # ffff8cff <_eusrstack+0xdfff3cff>
    21cc:	8f7d                	and	a4,a4,a5
    21ce:	77f9                	lui	a5,0xffffe
    21d0:	0622                	slli	a2,a2,0x8
    21d2:	17fd                	addi	a5,a5,-1
    21d4:	8f51                	or	a4,a4,a2
    21d6:	0107f7b3          	and	a5,a5,a6
    21da:	21b2                	lhu	a2,2(a1)
    21dc:	0085d803          	lhu	a6,8(a1)
    21e0:	06c2                	slli	a3,a3,0x10
    21e2:	0742                	slli	a4,a4,0x10
    21e4:	01066633          	or	a2,a2,a6
    21e8:	0632                	slli	a2,a2,0xc
    21ea:	8fd1                	or	a5,a5,a2
    21ec:	40013637          	lui	a2,0x40013
    21f0:	07c2                	slli	a5,a5,0x10
    21f2:	c0060613          	addi	a2,a2,-1024 # 40012c00 <_eusrstack+0x2000dc00>
    21f6:	82c1                	srli	a3,a3,0x10
    21f8:	8341                	srli	a4,a4,0x10
    21fa:	83c1                	srli	a5,a5,0x10
    21fc:	00c51a63          	bne	a0,a2,2210 <TIM_OC4Init+0x5e>
    2200:	7671                	lui	a2,0xffffc
    2202:	167d                	addi	a2,a2,-1
    2204:	8ef1                	and	a3,a3,a2
    2206:	25d2                	lhu	a2,12(a1)
    2208:	061a                	slli	a2,a2,0x6
    220a:	8ed1                	or	a3,a3,a2
    220c:	06c2                	slli	a3,a3,0x10
    220e:	82c1                	srli	a3,a3,0x10
    2210:	a156                	sh	a3,4(a0)
    2212:	ad5a                	sh	a4,28(a0)
    2214:	21fa                	lhu	a4,6(a1)
    2216:	04e51023          	sh	a4,64(a0)
    221a:	b11e                	sh	a5,32(a0)
    221c:	8082                	ret

0000221e <TIM_Cmd>:
    221e:	211e                	lhu	a5,0(a0)
    2220:	c589                	beqz	a1,222a <TIM_Cmd+0xc>
    2222:	0017e793          	ori	a5,a5,1
    2226:	a11e                	sh	a5,0(a0)
    2228:	8082                	ret
    222a:	07c2                	slli	a5,a5,0x10
    222c:	83c1                	srli	a5,a5,0x10
    222e:	9bf9                	andi	a5,a5,-2
    2230:	07c2                	slli	a5,a5,0x10
    2232:	83c1                	srli	a5,a5,0x10
    2234:	bfcd                	j	2226 <TIM_Cmd+0x8>

00002236 <TIM_ARRPreloadConfig>:
    2236:	211e                	lhu	a5,0(a0)
    2238:	c589                	beqz	a1,2242 <TIM_ARRPreloadConfig+0xc>
    223a:	0807e793          	ori	a5,a5,128
    223e:	a11e                	sh	a5,0(a0)
    2240:	8082                	ret
    2242:	07c2                	slli	a5,a5,0x10
    2244:	83c1                	srli	a5,a5,0x10
    2246:	f7f7f793          	andi	a5,a5,-129
    224a:	07c2                	slli	a5,a5,0x10
    224c:	83c1                	srli	a5,a5,0x10
    224e:	bfc5                	j	223e <TIM_ARRPreloadConfig+0x8>

00002250 <TIM_OC3PreloadConfig>:
    2250:	2d5e                	lhu	a5,28(a0)
    2252:	07c2                	slli	a5,a5,0x10
    2254:	83c1                	srli	a5,a5,0x10
    2256:	9bdd                	andi	a5,a5,-9
    2258:	8ddd                	or	a1,a1,a5
    225a:	ad4e                	sh	a1,28(a0)
    225c:	8082                	ret

0000225e <TIM_OC4PreloadConfig>:
    225e:	2d5a                	lhu	a4,28(a0)
    2260:	77fd                	lui	a5,0xfffff
    2262:	7ff78793          	addi	a5,a5,2047 # fffff7ff <_eusrstack+0xdfffa7ff>
    2266:	8ff9                	and	a5,a5,a4
    2268:	05a2                	slli	a1,a1,0x8
    226a:	8fcd                	or	a5,a5,a1
    226c:	07c2                	slli	a5,a5,0x10
    226e:	83c1                	srli	a5,a5,0x10
    2270:	ad5e                	sh	a5,28(a0)
    2272:	8082                	ret

00002274 <TIM_SetCompare3>:
    2274:	bd4e                	sh	a1,60(a0)
    2276:	8082                	ret

00002278 <TIM_SetCompare4>:
    2278:	04b51023          	sh	a1,64(a0)
    227c:	8082                	ret

0000227e <USART_Init>:
    227e:	eb3fd2ef          	jal	t0,130 <__riscv_save_0>
    2282:	291a                	lhu	a4,16(a0)
    2284:	77f5                	lui	a5,0xffffd
    2286:	17fd                	addi	a5,a5,-1
    2288:	8ff9                	and	a5,a5,a4
    228a:	21fa                	lhu	a4,6(a1)
    228c:	1101                	addi	sp,sp,-32
    228e:	842a                	mv	s0,a0
    2290:	8fd9                	or	a5,a5,a4
    2292:	a91e                	sh	a5,16(a0)
    2294:	259a                	lhu	a4,8(a1)
    2296:	21de                	lhu	a5,4(a1)
    2298:	2556                	lhu	a3,12(a0)
    229a:	84ae                	mv	s1,a1
    229c:	8fd9                	or	a5,a5,a4
    229e:	25ba                	lhu	a4,10(a1)
    22a0:	8fd9                	or	a5,a5,a4
    22a2:	777d                	lui	a4,0xfffff
    22a4:	9f370713          	addi	a4,a4,-1549 # ffffe9f3 <_eusrstack+0xdfff99f3>
    22a8:	8f75                	and	a4,a4,a3
    22aa:	8fd9                	or	a5,a5,a4
    22ac:	a55e                	sh	a5,12(a0)
    22ae:	295e                	lhu	a5,20(a0)
    22b0:	25da                	lhu	a4,12(a1)
    22b2:	07c2                	slli	a5,a5,0x10
    22b4:	83c1                	srli	a5,a5,0x10
    22b6:	cff7f793          	andi	a5,a5,-769
    22ba:	8fd9                	or	a5,a5,a4
    22bc:	a95e                	sh	a5,20(a0)
    22be:	0068                	addi	a0,sp,12
    22c0:	ca9ff0ef          	jal	ra,1f68 <RCC_GetClocksFreq>
    22c4:	400147b7          	lui	a5,0x40014
    22c8:	80078793          	addi	a5,a5,-2048 # 40013800 <_eusrstack+0x2000e800>
    22cc:	04f41663          	bne	s0,a5,2318 <USART_Init+0x9a>
    22d0:	47e2                	lw	a5,24(sp)
    22d2:	4565                	li	a0,25
    22d4:	02f535b3          	mulhu	a1,a0,a5
    22d8:	4090                	lw	a2,0(s1)
    22da:	4681                	li	a3,0
    22dc:	060a                	slli	a2,a2,0x2
    22de:	02f50533          	mul	a0,a0,a5
    22e2:	22c9                	jal	24a4 <__udivdi3>
    22e4:	06400693          	li	a3,100
    22e8:	02d55733          	divu	a4,a0,a3
    22ec:	0712                	slli	a4,a4,0x4
    22ee:	00475793          	srli	a5,a4,0x4
    22f2:	02f687b3          	mul	a5,a3,a5
    22f6:	8d1d                	sub	a0,a0,a5
    22f8:	00451793          	slli	a5,a0,0x4
    22fc:	03278513          	addi	a0,a5,50
    2300:	63f00793          	li	a5,1599
    2304:	00a7fc63          	bgeu	a5,a0,231c <USART_Init+0x9e>
    2308:	01070513          	addi	a0,a4,16
    230c:	0542                	slli	a0,a0,0x10
    230e:	8141                	srli	a0,a0,0x10
    2310:	a40a                	sh	a0,8(s0)
    2312:	6105                	addi	sp,sp,32
    2314:	e41fd06f          	j	154 <__riscv_restore_0>
    2318:	47d2                	lw	a5,20(sp)
    231a:	bf65                	j	22d2 <USART_Init+0x54>
    231c:	02d55533          	divu	a0,a0,a3
    2320:	8d59                	or	a0,a0,a4
    2322:	b7ed                	j	230c <USART_Init+0x8e>

00002324 <USART_Cmd>:
    2324:	c591                	beqz	a1,2330 <USART_Cmd+0xc>
    2326:	255e                	lhu	a5,12(a0)
    2328:	6709                	lui	a4,0x2
    232a:	8fd9                	or	a5,a5,a4
    232c:	a55e                	sh	a5,12(a0)
    232e:	8082                	ret
    2330:	255a                	lhu	a4,12(a0)
    2332:	77f9                	lui	a5,0xffffe
    2334:	17fd                	addi	a5,a5,-1
    2336:	8ff9                	and	a5,a5,a4
    2338:	bfd5                	j	232c <USART_Cmd+0x8>

0000233a <USART_SendData>:
    233a:	1ff5f593          	andi	a1,a1,511
    233e:	a14e                	sh	a1,4(a0)
    2340:	8082                	ret

00002342 <USART_GetFlagStatus>:
    2342:	210a                	lhu	a0,0(a0)
    2344:	8d6d                	and	a0,a0,a1
    2346:	00a03533          	snez	a0,a0
    234a:	8082                	ret

0000234c <Delay_Init>:
    234c:	81c1a783          	lw	a5,-2020(gp) # 2000020c <SystemCoreClock>
    2350:	007a1737          	lui	a4,0x7a1
    2354:	20070713          	addi	a4,a4,512 # 7a1200 <_data_lma+0x79c8f0>
    2358:	02e7d7b3          	divu	a5,a5,a4
    235c:	0ff7f793          	andi	a5,a5,255
    2360:	88f18f23          	sb	a5,-1890(gp) # 2000028e <p_us>
    2364:	3e800713          	li	a4,1000
    2368:	02e787b3          	mul	a5,a5,a4
    236c:	88f19e23          	sh	a5,-1892(gp) # 2000028c <p_ms>
    2370:	8082                	ret

00002372 <Delay_Us>:
    2372:	e000f7b7          	lui	a5,0xe000f
    2376:	43d8                	lw	a4,4(a5)
    2378:	4681                	li	a3,0
    237a:	9b79                	andi	a4,a4,-2
    237c:	c3d8                	sw	a4,4(a5)
    237e:	89e1c703          	lbu	a4,-1890(gp) # 2000028e <p_us>
    2382:	02a70633          	mul	a2,a4,a0
    2386:	cb90                	sw	a2,16(a5)
    2388:	cbd4                	sw	a3,20(a5)
    238a:	4398                	lw	a4,0(a5)
    238c:	01076713          	ori	a4,a4,16
    2390:	c398                	sw	a4,0(a5)
    2392:	4398                	lw	a4,0(a5)
    2394:	02176713          	ori	a4,a4,33
    2398:	c398                	sw	a4,0(a5)
    239a:	43d8                	lw	a4,4(a5)
    239c:	8b05                	andi	a4,a4,1
    239e:	df75                	beqz	a4,239a <Delay_Us+0x28>
    23a0:	4398                	lw	a4,0(a5)
    23a2:	9b79                	andi	a4,a4,-2
    23a4:	c398                	sw	a4,0(a5)
    23a6:	8082                	ret

000023a8 <Delay_Ms>:
    23a8:	e000f7b7          	lui	a5,0xe000f
    23ac:	43d8                	lw	a4,4(a5)
    23ae:	4681                	li	a3,0
    23b0:	9b79                	andi	a4,a4,-2
    23b2:	c3d8                	sw	a4,4(a5)
    23b4:	89c1d703          	lhu	a4,-1892(gp) # 2000028c <p_ms>
    23b8:	02a70633          	mul	a2,a4,a0
    23bc:	cb90                	sw	a2,16(a5)
    23be:	cbd4                	sw	a3,20(a5)
    23c0:	4398                	lw	a4,0(a5)
    23c2:	01076713          	ori	a4,a4,16
    23c6:	c398                	sw	a4,0(a5)
    23c8:	4398                	lw	a4,0(a5)
    23ca:	02176713          	ori	a4,a4,33
    23ce:	c398                	sw	a4,0(a5)
    23d0:	43d8                	lw	a4,4(a5)
    23d2:	8b05                	andi	a4,a4,1
    23d4:	df75                	beqz	a4,23d0 <Delay_Ms+0x28>
    23d6:	4398                	lw	a4,0(a5)
    23d8:	9b79                	andi	a4,a4,-2
    23da:	c398                	sw	a4,0(a5)
    23dc:	8082                	ret

000023de <USART_Printf_Init>:
    23de:	d53fd2ef          	jal	t0,130 <__riscv_save_0>
    23e2:	842a                	mv	s0,a0
    23e4:	6511                	lui	a0,0x4
    23e6:	1101                	addi	sp,sp,-32
    23e8:	4585                	li	a1,1
    23ea:	0511                	addi	a0,a0,4
    23ec:	c59ff0ef          	jal	ra,2044 <RCC_APB2PeriphClockCmd>
    23f0:	20000793          	li	a5,512
    23f4:	827c                	sh	a5,4(sp)
    23f6:	40011537          	lui	a0,0x40011
    23fa:	478d                	li	a5,3
    23fc:	c43e                	sw	a5,8(sp)
    23fe:	004c                	addi	a1,sp,4
    2400:	47e1                	li	a5,24
    2402:	80050513          	addi	a0,a0,-2048 # 40010800 <_eusrstack+0x2000b800>
    2406:	c63e                	sw	a5,12(sp)
    2408:	967ff0ef          	jal	ra,1d6e <GPIO_Init>
    240c:	c822                	sw	s0,16(sp)
    240e:	40014437          	lui	s0,0x40014
    2412:	000807b7          	lui	a5,0x80
    2416:	080c                	addi	a1,sp,16
    2418:	80040513          	addi	a0,s0,-2048 # 40013800 <_eusrstack+0x2000e800>
    241c:	cc3e                	sw	a5,24(sp)
    241e:	ca02                	sw	zero,20(sp)
    2420:	00011e23          	sh	zero,28(sp)
    2424:	e5bff0ef          	jal	ra,227e <USART_Init>
    2428:	4585                	li	a1,1
    242a:	80040513          	addi	a0,s0,-2048
    242e:	ef7ff0ef          	jal	ra,2324 <USART_Cmd>
    2432:	6105                	addi	sp,sp,32
    2434:	d21fd06f          	j	154 <__riscv_restore_0>

00002438 <_write>:
    2438:	cdffd2ef          	jal	t0,116 <__riscv_save_4>
    243c:	400144b7          	lui	s1,0x40014
    2440:	89ae                	mv	s3,a1
    2442:	8932                	mv	s2,a2
    2444:	4401                	li	s0,0
    2446:	80048493          	addi	s1,s1,-2048 # 40013800 <_eusrstack+0x2000e800>
    244a:	01244963          	blt	s0,s2,245c <_write+0x24>
    244e:	85ca                	mv	a1,s2
    2450:	854e                	mv	a0,s3
    2452:	b04ff0ef          	jal	ra,1756 <USB_CDC_SendBytes>
    2456:	854a                	mv	a0,s2
    2458:	cf3fd06f          	j	14a <__riscv_restore_4>
    245c:	04000593          	li	a1,64
    2460:	8526                	mv	a0,s1
    2462:	ee1ff0ef          	jal	ra,2342 <USART_GetFlagStatus>
    2466:	d97d                	beqz	a0,245c <_write+0x24>
    2468:	008987b3          	add	a5,s3,s0
    246c:	00078583          	lb	a1,0(a5) # 80000 <_data_lma+0x7b6f0>
    2470:	8526                	mv	a0,s1
    2472:	0405                	addi	s0,s0,1
    2474:	05c2                	slli	a1,a1,0x10
    2476:	81c1                	srli	a1,a1,0x10
    2478:	ec3ff0ef          	jal	ra,233a <USART_SendData>
    247c:	b7f9                	j	244a <_write+0x12>

0000247e <_sbrk>:
    247e:	82c18713          	addi	a4,gp,-2004 # 2000021c <curbrk.4799>
    2482:	431c                	lw	a5,0(a4)
    2484:	cbc18693          	addi	a3,gp,-836 # 200006ac <_ebss>
    2488:	953e                	add	a0,a0,a5
    248a:	00d56b63          	bltu	a0,a3,24a0 <_sbrk+0x22>
    248e:	200056b7          	lui	a3,0x20005
    2492:	80068693          	addi	a3,a3,-2048 # 20004800 <_heap_end>
    2496:	00a6e563          	bltu	a3,a0,24a0 <_sbrk+0x22>
    249a:	c308                	sw	a0,0(a4)
    249c:	853e                	mv	a0,a5
    249e:	8082                	ret
    24a0:	57fd                	li	a5,-1
    24a2:	bfed                	j	249c <_sbrk+0x1e>

000024a4 <__udivdi3>:
    24a4:	87b6                	mv	a5,a3
    24a6:	88b2                	mv	a7,a2
    24a8:	832a                	mv	t1,a0
    24aa:	882e                	mv	a6,a1
    24ac:	14069b63          	bnez	a3,2602 <__udivdi3+0x15e>
    24b0:	0ac5f863          	bgeu	a1,a2,2560 <__udivdi3+0xbc>
    24b4:	6741                	lui	a4,0x10
    24b6:	1ae66b63          	bltu	a2,a4,266c <__udivdi3+0x1c8>
    24ba:	010007b7          	lui	a5,0x1000
    24be:	34f66063          	bltu	a2,a5,27fe <__udivdi3+0x35a>
    24c2:	01865693          	srli	a3,a2,0x18
    24c6:	47e1                	li	a5,24
    24c8:	00002717          	auipc	a4,0x2
    24cc:	19870713          	addi	a4,a4,408 # 4660 <__clz_tab>
    24d0:	9736                	add	a4,a4,a3
    24d2:	2318                	lbu	a4,0(a4)
    24d4:	97ba                	add	a5,a5,a4
    24d6:	02000713          	li	a4,32
    24da:	8f1d                	sub	a4,a4,a5
    24dc:	cb19                	beqz	a4,24f2 <__udivdi3+0x4e>
    24de:	00e59833          	sll	a6,a1,a4
    24e2:	00f557b3          	srl	a5,a0,a5
    24e6:	00e618b3          	sll	a7,a2,a4
    24ea:	0107e833          	or	a6,a5,a6
    24ee:	00e51333          	sll	t1,a0,a4
    24f2:	0108d613          	srli	a2,a7,0x10
    24f6:	02c85533          	divu	a0,a6,a2
    24fa:	01089693          	slli	a3,a7,0x10
    24fe:	82c1                	srli	a3,a3,0x10
    2500:	01035793          	srli	a5,t1,0x10
    2504:	02c87733          	remu	a4,a6,a2
    2508:	02a685b3          	mul	a1,a3,a0
    250c:	0742                	slli	a4,a4,0x10
    250e:	00f76833          	or	a6,a4,a5
    2512:	00b87a63          	bgeu	a6,a1,2526 <__udivdi3+0x82>
    2516:	9846                	add	a6,a6,a7
    2518:	fff50793          	addi	a5,a0,-1
    251c:	01186463          	bltu	a6,a7,2524 <__udivdi3+0x80>
    2520:	30b86563          	bltu	a6,a1,282a <__udivdi3+0x386>
    2524:	853e                	mv	a0,a5
    2526:	40b80833          	sub	a6,a6,a1
    252a:	02c85733          	divu	a4,a6,a2
    252e:	0342                	slli	t1,t1,0x10
    2530:	01035313          	srli	t1,t1,0x10
    2534:	02c87833          	remu	a6,a6,a2
    2538:	02e686b3          	mul	a3,a3,a4
    253c:	0842                	slli	a6,a6,0x10
    253e:	00686833          	or	a6,a6,t1
    2542:	00d87b63          	bgeu	a6,a3,2558 <__udivdi3+0xb4>
    2546:	9846                	add	a6,a6,a7
    2548:	fff70793          	addi	a5,a4,-1
    254c:	01186563          	bltu	a6,a7,2556 <__udivdi3+0xb2>
    2550:	1779                	addi	a4,a4,-2
    2552:	00d86363          	bltu	a6,a3,2558 <__udivdi3+0xb4>
    2556:	873e                	mv	a4,a5
    2558:	0542                	slli	a0,a0,0x10
    255a:	8d59                	or	a0,a0,a4
    255c:	4581                	li	a1,0
    255e:	8082                	ret
    2560:	e601                	bnez	a2,2568 <__udivdi3+0xc4>
    2562:	4705                	li	a4,1
    2564:	02c758b3          	divu	a7,a4,a2
    2568:	6741                	lui	a4,0x10
    256a:	0ee8e863          	bltu	a7,a4,265a <__udivdi3+0x1b6>
    256e:	010007b7          	lui	a5,0x1000
    2572:	28f8ea63          	bltu	a7,a5,2806 <__udivdi3+0x362>
    2576:	0188d693          	srli	a3,a7,0x18
    257a:	47e1                	li	a5,24
    257c:	00002717          	auipc	a4,0x2
    2580:	0e470713          	addi	a4,a4,228 # 4660 <__clz_tab>
    2584:	9736                	add	a4,a4,a3
    2586:	2314                	lbu	a3,0(a4)
    2588:	96be                	add	a3,a3,a5
    258a:	02000793          	li	a5,32
    258e:	8f95                	sub	a5,a5,a3
    2590:	e7fd                	bnez	a5,267e <__udivdi3+0x1da>
    2592:	01089e93          	slli	t4,a7,0x10
    2596:	41158733          	sub	a4,a1,a7
    259a:	0108df13          	srli	t5,a7,0x10
    259e:	010ede93          	srli	t4,t4,0x10
    25a2:	4585                	li	a1,1
    25a4:	01035793          	srli	a5,t1,0x10
    25a8:	03e75533          	divu	a0,a4,t5
    25ac:	03e77733          	remu	a4,a4,t5
    25b0:	03d506b3          	mul	a3,a0,t4
    25b4:	0742                	slli	a4,a4,0x10
    25b6:	8fd9                	or	a5,a5,a4
    25b8:	00d7fa63          	bgeu	a5,a3,25cc <__udivdi3+0x128>
    25bc:	97c6                	add	a5,a5,a7
    25be:	fff50713          	addi	a4,a0,-1
    25c2:	0117e463          	bltu	a5,a7,25ca <__udivdi3+0x126>
    25c6:	26d7e563          	bltu	a5,a3,2830 <__udivdi3+0x38c>
    25ca:	853a                	mv	a0,a4
    25cc:	8f95                	sub	a5,a5,a3
    25ce:	03e7d733          	divu	a4,a5,t5
    25d2:	0342                	slli	t1,t1,0x10
    25d4:	01035313          	srli	t1,t1,0x10
    25d8:	03e7f7b3          	remu	a5,a5,t5
    25dc:	03d70eb3          	mul	t4,a4,t4
    25e0:	07c2                	slli	a5,a5,0x10
    25e2:	0067e7b3          	or	a5,a5,t1
    25e6:	01d7fb63          	bgeu	a5,t4,25fc <__udivdi3+0x158>
    25ea:	97c6                	add	a5,a5,a7
    25ec:	fff70693          	addi	a3,a4,-1
    25f0:	0117e563          	bltu	a5,a7,25fa <__udivdi3+0x156>
    25f4:	1779                	addi	a4,a4,-2
    25f6:	01d7e363          	bltu	a5,t4,25fc <__udivdi3+0x158>
    25fa:	8736                	mv	a4,a3
    25fc:	0542                	slli	a0,a0,0x10
    25fe:	8d59                	or	a0,a0,a4
    2600:	8082                	ret
    2602:	04d5e163          	bltu	a1,a3,2644 <__udivdi3+0x1a0>
    2606:	67c1                	lui	a5,0x10
    2608:	04f6e163          	bltu	a3,a5,264a <__udivdi3+0x1a6>
    260c:	010007b7          	lui	a5,0x1000
    2610:	1ef6e363          	bltu	a3,a5,27f6 <__udivdi3+0x352>
    2614:	0186d713          	srli	a4,a3,0x18
    2618:	4861                	li	a6,24
    261a:	00002797          	auipc	a5,0x2
    261e:	04678793          	addi	a5,a5,70 # 4660 <__clz_tab>
    2622:	97ba                	add	a5,a5,a4
    2624:	2398                	lbu	a4,0(a5)
    2626:	02000e13          	li	t3,32
    262a:	9742                	add	a4,a4,a6
    262c:	40ee0e33          	sub	t3,t3,a4
    2630:	0c0e1a63          	bnez	t3,2704 <__udivdi3+0x260>
    2634:	1cb6ed63          	bltu	a3,a1,280e <__udivdi3+0x36a>
    2638:	00c53533          	sltu	a0,a0,a2
    263c:	00154513          	xori	a0,a0,1
    2640:	4581                	li	a1,0
    2642:	8082                	ret
    2644:	4581                	li	a1,0
    2646:	4501                	li	a0,0
    2648:	8082                	ret
    264a:	0ff00793          	li	a5,255
    264e:	1cd7f363          	bgeu	a5,a3,2814 <__udivdi3+0x370>
    2652:	0086d713          	srli	a4,a3,0x8
    2656:	4821                	li	a6,8
    2658:	b7c9                	j	261a <__udivdi3+0x176>
    265a:	0ff00713          	li	a4,255
    265e:	86c6                	mv	a3,a7
    2660:	f1177ee3          	bgeu	a4,a7,257c <__udivdi3+0xd8>
    2664:	0088d693          	srli	a3,a7,0x8
    2668:	47a1                	li	a5,8
    266a:	bf09                	j	257c <__udivdi3+0xd8>
    266c:	0ff00713          	li	a4,255
    2670:	86b2                	mv	a3,a2
    2672:	e4c77be3          	bgeu	a4,a2,24c8 <__udivdi3+0x24>
    2676:	00865693          	srli	a3,a2,0x8
    267a:	47a1                	li	a5,8
    267c:	b5b1                	j	24c8 <__udivdi3+0x24>
    267e:	00f898b3          	sll	a7,a7,a5
    2682:	00d5d633          	srl	a2,a1,a3
    2686:	0108df13          	srli	t5,a7,0x10
    268a:	03e65e33          	divu	t3,a2,t5
    268e:	00f59733          	sll	a4,a1,a5
    2692:	00d556b3          	srl	a3,a0,a3
    2696:	8f55                	or	a4,a4,a3
    2698:	01089e93          	slli	t4,a7,0x10
    269c:	010ede93          	srli	t4,t4,0x10
    26a0:	00f51333          	sll	t1,a0,a5
    26a4:	01075593          	srli	a1,a4,0x10
    26a8:	03e676b3          	remu	a3,a2,t5
    26ac:	03ce87b3          	mul	a5,t4,t3
    26b0:	06c2                	slli	a3,a3,0x10
    26b2:	8ecd                	or	a3,a3,a1
    26b4:	00f6fb63          	bgeu	a3,a5,26ca <__udivdi3+0x226>
    26b8:	96c6                	add	a3,a3,a7
    26ba:	fffe0613          	addi	a2,t3,-1
    26be:	1716e463          	bltu	a3,a7,2826 <__udivdi3+0x382>
    26c2:	16f6f263          	bgeu	a3,a5,2826 <__udivdi3+0x382>
    26c6:	1e79                	addi	t3,t3,-2
    26c8:	96c6                	add	a3,a3,a7
    26ca:	8e9d                	sub	a3,a3,a5
    26cc:	03e6d633          	divu	a2,a3,t5
    26d0:	01071793          	slli	a5,a4,0x10
    26d4:	83c1                	srli	a5,a5,0x10
    26d6:	03e6f6b3          	remu	a3,a3,t5
    26da:	02ce8533          	mul	a0,t4,a2
    26de:	01069713          	slli	a4,a3,0x10
    26e2:	8f5d                	or	a4,a4,a5
    26e4:	00a77b63          	bgeu	a4,a0,26fa <__udivdi3+0x256>
    26e8:	9746                	add	a4,a4,a7
    26ea:	fff60793          	addi	a5,a2,-1 # ffffbfff <_eusrstack+0xdfff6fff>
    26ee:	13176863          	bltu	a4,a7,281e <__udivdi3+0x37a>
    26f2:	12a77663          	bgeu	a4,a0,281e <__udivdi3+0x37a>
    26f6:	1679                	addi	a2,a2,-2
    26f8:	9746                	add	a4,a4,a7
    26fa:	010e1593          	slli	a1,t3,0x10
    26fe:	8f09                	sub	a4,a4,a0
    2700:	8dd1                	or	a1,a1,a2
    2702:	b54d                	j	25a4 <__udivdi3+0x100>
    2704:	00e657b3          	srl	a5,a2,a4
    2708:	01c696b3          	sll	a3,a3,t3
    270c:	8edd                	or	a3,a3,a5
    270e:	00e5d333          	srl	t1,a1,a4
    2712:	0106df13          	srli	t5,a3,0x10
    2716:	03e357b3          	divu	a5,t1,t5
    271a:	01069e93          	slli	t4,a3,0x10
    271e:	010ede93          	srli	t4,t4,0x10
    2722:	01c59833          	sll	a6,a1,t3
    2726:	00e55733          	srl	a4,a0,a4
    272a:	01076833          	or	a6,a4,a6
    272e:	01085893          	srli	a7,a6,0x10
    2732:	01c61633          	sll	a2,a2,t3
    2736:	03e37333          	remu	t1,t1,t5
    273a:	02fe85b3          	mul	a1,t4,a5
    273e:	0342                	slli	t1,t1,0x10
    2740:	011368b3          	or	a7,t1,a7
    2744:	00b8fb63          	bgeu	a7,a1,275a <__udivdi3+0x2b6>
    2748:	98b6                	add	a7,a7,a3
    274a:	fff78713          	addi	a4,a5,-1
    274e:	0cd8ea63          	bltu	a7,a3,2822 <__udivdi3+0x37e>
    2752:	0cb8f863          	bgeu	a7,a1,2822 <__udivdi3+0x37e>
    2756:	17f9                	addi	a5,a5,-2
    2758:	98b6                	add	a7,a7,a3
    275a:	40b888b3          	sub	a7,a7,a1
    275e:	03e8d733          	divu	a4,a7,t5
    2762:	0842                	slli	a6,a6,0x10
    2764:	01085813          	srli	a6,a6,0x10
    2768:	03e8f8b3          	remu	a7,a7,t5
    276c:	02ee8333          	mul	t1,t4,a4
    2770:	08c2                	slli	a7,a7,0x10
    2772:	0108e5b3          	or	a1,a7,a6
    2776:	0065fb63          	bgeu	a1,t1,278c <__udivdi3+0x2e8>
    277a:	95b6                	add	a1,a1,a3
    277c:	fff70813          	addi	a6,a4,-1
    2780:	08d5ed63          	bltu	a1,a3,281a <__udivdi3+0x376>
    2784:	0865fb63          	bgeu	a1,t1,281a <__udivdi3+0x376>
    2788:	1779                	addi	a4,a4,-2
    278a:	95b6                	add	a1,a1,a3
    278c:	07c2                	slli	a5,a5,0x10
    278e:	6f41                	lui	t5,0x10
    2790:	8fd9                	or	a5,a5,a4
    2792:	ffff0713          	addi	a4,t5,-1 # ffff <_data_lma+0xb6ef>
    2796:	00e7f6b3          	and	a3,a5,a4
    279a:	0107d893          	srli	a7,a5,0x10
    279e:	8f71                	and	a4,a4,a2
    27a0:	8241                	srli	a2,a2,0x10
    27a2:	02e68eb3          	mul	t4,a3,a4
    27a6:	406585b3          	sub	a1,a1,t1
    27aa:	02c686b3          	mul	a3,a3,a2
    27ae:	010ed813          	srli	a6,t4,0x10
    27b2:	02e88733          	mul	a4,a7,a4
    27b6:	96ba                	add	a3,a3,a4
    27b8:	96c2                	add	a3,a3,a6
    27ba:	02c88633          	mul	a2,a7,a2
    27be:	00e6f363          	bgeu	a3,a4,27c4 <__udivdi3+0x320>
    27c2:	967a                	add	a2,a2,t5
    27c4:	0106d893          	srli	a7,a3,0x10
    27c8:	9646                	add	a2,a2,a7
    27ca:	02c5e263          	bltu	a1,a2,27ee <__udivdi3+0x34a>
    27ce:	00c58563          	beq	a1,a2,27d8 <__udivdi3+0x334>
    27d2:	853e                	mv	a0,a5
    27d4:	4581                	li	a1,0
    27d6:	8082                	ret
    27d8:	6741                	lui	a4,0x10
    27da:	177d                	addi	a4,a4,-1
    27dc:	8ef9                	and	a3,a3,a4
    27de:	06c2                	slli	a3,a3,0x10
    27e0:	00eefeb3          	and	t4,t4,a4
    27e4:	01c51533          	sll	a0,a0,t3
    27e8:	96f6                	add	a3,a3,t4
    27ea:	fed574e3          	bgeu	a0,a3,27d2 <__udivdi3+0x32e>
    27ee:	fff78513          	addi	a0,a5,-1
    27f2:	4581                	li	a1,0
    27f4:	8082                	ret
    27f6:	0106d713          	srli	a4,a3,0x10
    27fa:	4841                	li	a6,16
    27fc:	bd39                	j	261a <__udivdi3+0x176>
    27fe:	01065693          	srli	a3,a2,0x10
    2802:	47c1                	li	a5,16
    2804:	b1d1                	j	24c8 <__udivdi3+0x24>
    2806:	0108d693          	srli	a3,a7,0x10
    280a:	47c1                	li	a5,16
    280c:	bb85                	j	257c <__udivdi3+0xd8>
    280e:	4581                	li	a1,0
    2810:	4505                	li	a0,1
    2812:	8082                	ret
    2814:	8736                	mv	a4,a3
    2816:	4801                	li	a6,0
    2818:	b509                	j	261a <__udivdi3+0x176>
    281a:	8742                	mv	a4,a6
    281c:	bf85                	j	278c <__udivdi3+0x2e8>
    281e:	863e                	mv	a2,a5
    2820:	bde9                	j	26fa <__udivdi3+0x256>
    2822:	87ba                	mv	a5,a4
    2824:	bf1d                	j	275a <__udivdi3+0x2b6>
    2826:	8e32                	mv	t3,a2
    2828:	b54d                	j	26ca <__udivdi3+0x226>
    282a:	1579                	addi	a0,a0,-2
    282c:	9846                	add	a6,a6,a7
    282e:	b9e5                	j	2526 <__udivdi3+0x82>
    2830:	1579                	addi	a0,a0,-2
    2832:	97c6                	add	a5,a5,a7
    2834:	bb61                	j	25cc <__udivdi3+0x128>

00002836 <atoi>:
    2836:	4629                	li	a2,10
    2838:	4581                	li	a1,0
    283a:	a659                	j	2bc0 <strtol>

0000283c <__locale_ctype_ptr_l>:
    283c:	0ec52503          	lw	a0,236(a0)
    2840:	8082                	ret

00002842 <__locale_ctype_ptr>:
    2842:	83018793          	addi	a5,gp,-2000 # 20000220 <_impure_ptr>
    2846:	439c                	lw	a5,0(a5)
    2848:	539c                	lw	a5,32(a5)
    284a:	e789                	bnez	a5,2854 <__locale_ctype_ptr+0x12>
    284c:	1fffd797          	auipc	a5,0x1fffd
    2850:	7d478793          	addi	a5,a5,2004 # 20000020 <__global_locale>
    2854:	0ec7a503          	lw	a0,236(a5)
    2858:	8082                	ret

0000285a <__ascii_mbtowc>:
    285a:	ed91                	bnez	a1,2876 <__ascii_mbtowc+0x1c>
    285c:	1141                	addi	sp,sp,-16
    285e:	006c                	addi	a1,sp,12
    2860:	4501                	li	a0,0
    2862:	ca01                	beqz	a2,2872 <__ascii_mbtowc+0x18>
    2864:	5579                	li	a0,-2
    2866:	c691                	beqz	a3,2872 <__ascii_mbtowc+0x18>
    2868:	221c                	lbu	a5,0(a2)
    286a:	c19c                	sw	a5,0(a1)
    286c:	2208                	lbu	a0,0(a2)
    286e:	00a03533          	snez	a0,a0
    2872:	0141                	addi	sp,sp,16
    2874:	8082                	ret
    2876:	4501                	li	a0,0
    2878:	ca09                	beqz	a2,288a <__ascii_mbtowc+0x30>
    287a:	5579                	li	a0,-2
    287c:	c699                	beqz	a3,288a <__ascii_mbtowc+0x30>
    287e:	221c                	lbu	a5,0(a2)
    2880:	c19c                	sw	a5,0(a1)
    2882:	2208                	lbu	a0,0(a2)
    2884:	00a03533          	snez	a0,a0
    2888:	8082                	ret
    288a:	8082                	ret

0000288c <memcpy>:
    288c:	00a5c7b3          	xor	a5,a1,a0
    2890:	8b8d                	andi	a5,a5,3
    2892:	00c50733          	add	a4,a0,a2
    2896:	e781                	bnez	a5,289e <memcpy+0x12>
    2898:	478d                	li	a5,3
    289a:	00c7ed63          	bltu	a5,a2,28b4 <memcpy+0x28>
    289e:	87aa                	mv	a5,a0
    28a0:	08e57e63          	bgeu	a0,a4,293c <memcpy+0xb0>
    28a4:	2194                	lbu	a3,0(a1)
    28a6:	0785                	addi	a5,a5,1
    28a8:	0585                	addi	a1,a1,1
    28aa:	fed78fa3          	sb	a3,-1(a5)
    28ae:	fee7ebe3          	bltu	a5,a4,28a4 <memcpy+0x18>
    28b2:	8082                	ret
    28b4:	00357693          	andi	a3,a0,3
    28b8:	87aa                	mv	a5,a0
    28ba:	ca89                	beqz	a3,28cc <memcpy+0x40>
    28bc:	2194                	lbu	a3,0(a1)
    28be:	0785                	addi	a5,a5,1
    28c0:	0585                	addi	a1,a1,1
    28c2:	fed78fa3          	sb	a3,-1(a5)
    28c6:	0037f693          	andi	a3,a5,3
    28ca:	bfc5                	j	28ba <memcpy+0x2e>
    28cc:	ffc77693          	andi	a3,a4,-4
    28d0:	fe068613          	addi	a2,a3,-32
    28d4:	06c7f063          	bgeu	a5,a2,2934 <memcpy+0xa8>
    28d8:	0005a383          	lw	t2,0(a1)
    28dc:	0045a283          	lw	t0,4(a1)
    28e0:	0085af83          	lw	t6,8(a1)
    28e4:	00c5af03          	lw	t5,12(a1)
    28e8:	0105ae83          	lw	t4,16(a1)
    28ec:	0145ae03          	lw	t3,20(a1)
    28f0:	0185a303          	lw	t1,24(a1)
    28f4:	01c5a883          	lw	a7,28(a1)
    28f8:	02458593          	addi	a1,a1,36
    28fc:	0077a023          	sw	t2,0(a5)
    2900:	ffc5a803          	lw	a6,-4(a1)
    2904:	0057a223          	sw	t0,4(a5)
    2908:	01f7a423          	sw	t6,8(a5)
    290c:	01e7a623          	sw	t5,12(a5)
    2910:	01d7a823          	sw	t4,16(a5)
    2914:	01c7aa23          	sw	t3,20(a5)
    2918:	0067ac23          	sw	t1,24(a5)
    291c:	0117ae23          	sw	a7,28(a5)
    2920:	02478793          	addi	a5,a5,36
    2924:	ff07ae23          	sw	a6,-4(a5)
    2928:	b775                	j	28d4 <memcpy+0x48>
    292a:	4190                	lw	a2,0(a1)
    292c:	0791                	addi	a5,a5,4
    292e:	0591                	addi	a1,a1,4
    2930:	fec7ae23          	sw	a2,-4(a5)
    2934:	fed7ebe3          	bltu	a5,a3,292a <memcpy+0x9e>
    2938:	f6e7e6e3          	bltu	a5,a4,28a4 <memcpy+0x18>
    293c:	8082                	ret

0000293e <iprintf>:
    293e:	7139                	addi	sp,sp,-64
    2940:	da3e                	sw	a5,52(sp)
    2942:	d22e                	sw	a1,36(sp)
    2944:	d432                	sw	a2,40(sp)
    2946:	d636                	sw	a3,44(sp)
    2948:	d83a                	sw	a4,48(sp)
    294a:	dc42                	sw	a6,56(sp)
    294c:	de46                	sw	a7,60(sp)
    294e:	83018793          	addi	a5,gp,-2000 # 20000220 <_impure_ptr>
    2952:	cc22                	sw	s0,24(sp)
    2954:	4380                	lw	s0,0(a5)
    2956:	ca26                	sw	s1,20(sp)
    2958:	ce06                	sw	ra,28(sp)
    295a:	84aa                	mv	s1,a0
    295c:	c409                	beqz	s0,2966 <iprintf+0x28>
    295e:	4c1c                	lw	a5,24(s0)
    2960:	e399                	bnez	a5,2966 <iprintf+0x28>
    2962:	8522                	mv	a0,s0
    2964:	2d71                	jal	3000 <__sinit>
    2966:	440c                	lw	a1,8(s0)
    2968:	1054                	addi	a3,sp,36
    296a:	8626                	mv	a2,s1
    296c:	8522                	mv	a0,s0
    296e:	c636                	sw	a3,12(sp)
    2970:	2d7000ef          	jal	ra,3446 <_vfiprintf_r>
    2974:	40f2                	lw	ra,28(sp)
    2976:	4462                	lw	s0,24(sp)
    2978:	44d2                	lw	s1,20(sp)
    297a:	6121                	addi	sp,sp,64
    297c:	8082                	ret

0000297e <_puts_r>:
    297e:	1101                	addi	sp,sp,-32
    2980:	ca26                	sw	s1,20(sp)
    2982:	c84a                	sw	s2,16(sp)
    2984:	ce06                	sw	ra,28(sp)
    2986:	cc22                	sw	s0,24(sp)
    2988:	c64e                	sw	s3,12(sp)
    298a:	c452                	sw	s4,8(sp)
    298c:	84aa                	mv	s1,a0
    298e:	892e                	mv	s2,a1
    2990:	c501                	beqz	a0,2998 <_puts_r+0x1a>
    2992:	4d1c                	lw	a5,24(a0)
    2994:	e391                	bnez	a5,2998 <_puts_r+0x1a>
    2996:	25ad                	jal	3000 <__sinit>
    2998:	4c9c                	lw	a5,24(s1)
    299a:	4480                	lw	s0,8(s1)
    299c:	e399                	bnez	a5,29a2 <_puts_r+0x24>
    299e:	8526                	mv	a0,s1
    29a0:	2585                	jal	3000 <__sinit>
    29a2:	00002797          	auipc	a5,0x2
    29a6:	ef278793          	addi	a5,a5,-270 # 4894 <__sf_fake_stdin>
    29aa:	02f41b63          	bne	s0,a5,29e0 <_puts_r+0x62>
    29ae:	40c0                	lw	s0,4(s1)
    29b0:	245e                	lhu	a5,12(s0)
    29b2:	8ba1                	andi	a5,a5,8
    29b4:	c7b1                	beqz	a5,2a00 <_puts_r+0x82>
    29b6:	481c                	lw	a5,16(s0)
    29b8:	c7a1                	beqz	a5,2a00 <_puts_r+0x82>
    29ba:	59fd                	li	s3,-1
    29bc:	4a29                	li	s4,10
    29be:	441c                	lw	a5,8(s0)
    29c0:	00094583          	lbu	a1,0(s2)
    29c4:	17fd                	addi	a5,a5,-1
    29c6:	e9b1                	bnez	a1,2a1a <_puts_r+0x9c>
    29c8:	c41c                	sw	a5,8(s0)
    29ca:	0607dd63          	bgez	a5,2a44 <_puts_r+0xc6>
    29ce:	8622                	mv	a2,s0
    29d0:	45a9                	li	a1,10
    29d2:	8526                	mv	a0,s1
    29d4:	2429                	jal	2bde <__swbuf_r>
    29d6:	57fd                	li	a5,-1
    29d8:	02f50863          	beq	a0,a5,2a08 <_puts_r+0x8a>
    29dc:	4529                	li	a0,10
    29de:	a035                	j	2a0a <_puts_r+0x8c>
    29e0:	00002797          	auipc	a5,0x2
    29e4:	ed478793          	addi	a5,a5,-300 # 48b4 <__sf_fake_stdout>
    29e8:	00f41463          	bne	s0,a5,29f0 <_puts_r+0x72>
    29ec:	4480                	lw	s0,8(s1)
    29ee:	b7c9                	j	29b0 <_puts_r+0x32>
    29f0:	00002797          	auipc	a5,0x2
    29f4:	e8478793          	addi	a5,a5,-380 # 4874 <__sf_fake_stderr>
    29f8:	faf41ce3          	bne	s0,a5,29b0 <_puts_r+0x32>
    29fc:	44c0                	lw	s0,12(s1)
    29fe:	bf4d                	j	29b0 <_puts_r+0x32>
    2a00:	85a2                	mv	a1,s0
    2a02:	8526                	mv	a0,s1
    2a04:	2c55                	jal	2cb8 <__swsetup_r>
    2a06:	d955                	beqz	a0,29ba <_puts_r+0x3c>
    2a08:	557d                	li	a0,-1
    2a0a:	40f2                	lw	ra,28(sp)
    2a0c:	4462                	lw	s0,24(sp)
    2a0e:	44d2                	lw	s1,20(sp)
    2a10:	4942                	lw	s2,16(sp)
    2a12:	49b2                	lw	s3,12(sp)
    2a14:	4a22                	lw	s4,8(sp)
    2a16:	6105                	addi	sp,sp,32
    2a18:	8082                	ret
    2a1a:	c41c                	sw	a5,8(s0)
    2a1c:	0905                	addi	s2,s2,1
    2a1e:	0007d763          	bgez	a5,2a2c <_puts_r+0xae>
    2a22:	4c18                	lw	a4,24(s0)
    2a24:	00e7ca63          	blt	a5,a4,2a38 <_puts_r+0xba>
    2a28:	01458863          	beq	a1,s4,2a38 <_puts_r+0xba>
    2a2c:	401c                	lw	a5,0(s0)
    2a2e:	00178713          	addi	a4,a5,1
    2a32:	c018                	sw	a4,0(s0)
    2a34:	a38c                	sb	a1,0(a5)
    2a36:	b761                	j	29be <_puts_r+0x40>
    2a38:	8622                	mv	a2,s0
    2a3a:	8526                	mv	a0,s1
    2a3c:	224d                	jal	2bde <__swbuf_r>
    2a3e:	f93510e3          	bne	a0,s3,29be <_puts_r+0x40>
    2a42:	b7d9                	j	2a08 <_puts_r+0x8a>
    2a44:	401c                	lw	a5,0(s0)
    2a46:	00178713          	addi	a4,a5,1
    2a4a:	c018                	sw	a4,0(s0)
    2a4c:	4729                	li	a4,10
    2a4e:	a398                	sb	a4,0(a5)
    2a50:	b771                	j	29dc <_puts_r+0x5e>

00002a52 <puts>:
    2a52:	83018793          	addi	a5,gp,-2000 # 20000220 <_impure_ptr>
    2a56:	85aa                	mv	a1,a0
    2a58:	4388                	lw	a0,0(a5)
    2a5a:	f25ff06f          	j	297e <_puts_r>

00002a5e <strncmp>:
    2a5e:	c215                	beqz	a2,2a82 <strncmp+0x24>
    2a60:	167d                	addi	a2,a2,-1
    2a62:	4701                	li	a4,0
    2a64:	00e507b3          	add	a5,a0,a4
    2a68:	00e586b3          	add	a3,a1,a4
    2a6c:	239c                	lbu	a5,0(a5)
    2a6e:	2294                	lbu	a3,0(a3)
    2a70:	00d79663          	bne	a5,a3,2a7c <strncmp+0x1e>
    2a74:	00c70463          	beq	a4,a2,2a7c <strncmp+0x1e>
    2a78:	0705                	addi	a4,a4,1
    2a7a:	f7ed                	bnez	a5,2a64 <strncmp+0x6>
    2a7c:	40d78533          	sub	a0,a5,a3
    2a80:	8082                	ret
    2a82:	4501                	li	a0,0
    2a84:	8082                	ret

00002a86 <_strtol_l.isra.0>:
    2a86:	7179                	addi	sp,sp,-48
    2a88:	d04a                	sw	s2,32(sp)
    2a8a:	ce4e                	sw	s3,28(sp)
    2a8c:	d606                	sw	ra,44(sp)
    2a8e:	d422                	sw	s0,40(sp)
    2a90:	d226                	sw	s1,36(sp)
    2a92:	89aa                	mv	s3,a0
    2a94:	892e                	mv	s2,a1
    2a96:	00190493          	addi	s1,s2,1
    2a9a:	fff4c403          	lbu	s0,-1(s1)
    2a9e:	853a                	mv	a0,a4
    2aa0:	c636                	sw	a3,12(sp)
    2aa2:	c432                	sw	a2,8(sp)
    2aa4:	c22e                	sw	a1,4(sp)
    2aa6:	c03a                	sw	a4,0(sp)
    2aa8:	d95ff0ef          	jal	ra,283c <__locale_ctype_ptr_l>
    2aac:	9522                	add	a0,a0,s0
    2aae:	311c                	lbu	a5,1(a0)
    2ab0:	4702                	lw	a4,0(sp)
    2ab2:	4592                	lw	a1,4(sp)
    2ab4:	8ba1                	andi	a5,a5,8
    2ab6:	4622                	lw	a2,8(sp)
    2ab8:	46b2                	lw	a3,12(sp)
    2aba:	e3d1                	bnez	a5,2b3e <_strtol_l.isra.0+0xb8>
    2abc:	02d00793          	li	a5,45
    2ac0:	08f41163          	bne	s0,a5,2b42 <_strtol_l.isra.0+0xbc>
    2ac4:	209c                	lbu	a5,0(s1)
    2ac6:	4305                	li	t1,1
    2ac8:	00290493          	addi	s1,s2,2
    2acc:	c6e5                	beqz	a3,2bb4 <_strtol_l.isra.0+0x12e>
    2ace:	4741                	li	a4,16
    2ad0:	02e69063          	bne	a3,a4,2af0 <_strtol_l.isra.0+0x6a>
    2ad4:	03000713          	li	a4,48
    2ad8:	00e79c63          	bne	a5,a4,2af0 <_strtol_l.isra.0+0x6a>
    2adc:	209c                	lbu	a5,0(s1)
    2ade:	05800713          	li	a4,88
    2ae2:	0df7f793          	andi	a5,a5,223
    2ae6:	0ce79263          	bne	a5,a4,2baa <_strtol_l.isra.0+0x124>
    2aea:	309c                	lbu	a5,1(s1)
    2aec:	46c1                	li	a3,16
    2aee:	0489                	addi	s1,s1,2
    2af0:	800008b7          	lui	a7,0x80000
    2af4:	00031463          	bnez	t1,2afc <_strtol_l.isra.0+0x76>
    2af8:	fff8c893          	not	a7,a7
    2afc:	02d8ff33          	remu	t5,a7,a3
    2b00:	4801                	li	a6,0
    2b02:	4501                	li	a0,0
    2b04:	4fa5                	li	t6,9
    2b06:	4ee5                	li	t4,25
    2b08:	52fd                	li	t0,-1
    2b0a:	02d8de33          	divu	t3,a7,a3
    2b0e:	fd078713          	addi	a4,a5,-48
    2b12:	04efe363          	bltu	t6,a4,2b58 <_strtol_l.isra.0+0xd2>
    2b16:	87ba                	mv	a5,a4
    2b18:	04d7de63          	bge	a5,a3,2b74 <_strtol_l.isra.0+0xee>
    2b1c:	00580d63          	beq	a6,t0,2b36 <_strtol_l.isra.0+0xb0>
    2b20:	587d                	li	a6,-1
    2b22:	00ae6a63          	bltu	t3,a0,2b36 <_strtol_l.isra.0+0xb0>
    2b26:	00ae1463          	bne	t3,a0,2b2e <_strtol_l.isra.0+0xa8>
    2b2a:	00ff4663          	blt	t5,a5,2b36 <_strtol_l.isra.0+0xb0>
    2b2e:	4805                	li	a6,1
    2b30:	02a68533          	mul	a0,a3,a0
    2b34:	953e                	add	a0,a0,a5
    2b36:	0485                	addi	s1,s1,1
    2b38:	fff4c783          	lbu	a5,-1(s1)
    2b3c:	bfc9                	j	2b0e <_strtol_l.isra.0+0x88>
    2b3e:	8926                	mv	s2,s1
    2b40:	bf99                	j	2a96 <_strtol_l.isra.0+0x10>
    2b42:	02b00793          	li	a5,43
    2b46:	00f40563          	beq	s0,a5,2b50 <_strtol_l.isra.0+0xca>
    2b4a:	87a2                	mv	a5,s0
    2b4c:	4301                	li	t1,0
    2b4e:	bfbd                	j	2acc <_strtol_l.isra.0+0x46>
    2b50:	209c                	lbu	a5,0(s1)
    2b52:	00290493          	addi	s1,s2,2
    2b56:	bfdd                	j	2b4c <_strtol_l.isra.0+0xc6>
    2b58:	fbf78713          	addi	a4,a5,-65
    2b5c:	00eee563          	bltu	t4,a4,2b66 <_strtol_l.isra.0+0xe0>
    2b60:	fc978793          	addi	a5,a5,-55
    2b64:	bf55                	j	2b18 <_strtol_l.isra.0+0x92>
    2b66:	f9f78713          	addi	a4,a5,-97
    2b6a:	00eee563          	bltu	t4,a4,2b74 <_strtol_l.isra.0+0xee>
    2b6e:	fa978793          	addi	a5,a5,-87
    2b72:	b75d                	j	2b18 <_strtol_l.isra.0+0x92>
    2b74:	57fd                	li	a5,-1
    2b76:	00f81f63          	bne	a6,a5,2b94 <_strtol_l.isra.0+0x10e>
    2b7a:	02200793          	li	a5,34
    2b7e:	00f9a023          	sw	a5,0(s3)
    2b82:	8546                	mv	a0,a7
    2b84:	ee19                	bnez	a2,2ba2 <_strtol_l.isra.0+0x11c>
    2b86:	50b2                	lw	ra,44(sp)
    2b88:	5422                	lw	s0,40(sp)
    2b8a:	5492                	lw	s1,36(sp)
    2b8c:	5902                	lw	s2,32(sp)
    2b8e:	49f2                	lw	s3,28(sp)
    2b90:	6145                	addi	sp,sp,48
    2b92:	8082                	ret
    2b94:	00030463          	beqz	t1,2b9c <_strtol_l.isra.0+0x116>
    2b98:	40a00533          	neg	a0,a0
    2b9c:	d66d                	beqz	a2,2b86 <_strtol_l.isra.0+0x100>
    2b9e:	00080463          	beqz	a6,2ba6 <_strtol_l.isra.0+0x120>
    2ba2:	fff48593          	addi	a1,s1,-1
    2ba6:	c20c                	sw	a1,0(a2)
    2ba8:	bff9                	j	2b86 <_strtol_l.isra.0+0x100>
    2baa:	03000793          	li	a5,48
    2bae:	f2a9                	bnez	a3,2af0 <_strtol_l.isra.0+0x6a>
    2bb0:	46a1                	li	a3,8
    2bb2:	bf3d                	j	2af0 <_strtol_l.isra.0+0x6a>
    2bb4:	03000713          	li	a4,48
    2bb8:	f2e782e3          	beq	a5,a4,2adc <_strtol_l.isra.0+0x56>
    2bbc:	46a9                	li	a3,10
    2bbe:	bf0d                	j	2af0 <_strtol_l.isra.0+0x6a>

00002bc0 <strtol>:
    2bc0:	83018793          	addi	a5,gp,-2000 # 20000220 <_impure_ptr>
    2bc4:	439c                	lw	a5,0(a5)
    2bc6:	86b2                	mv	a3,a2
    2bc8:	5398                	lw	a4,32(a5)
    2bca:	e709                	bnez	a4,2bd4 <strtol+0x14>
    2bcc:	1fffd717          	auipc	a4,0x1fffd
    2bd0:	45470713          	addi	a4,a4,1108 # 20000020 <__global_locale>
    2bd4:	862e                	mv	a2,a1
    2bd6:	85aa                	mv	a1,a0
    2bd8:	853e                	mv	a0,a5
    2bda:	eadff06f          	j	2a86 <_strtol_l.isra.0>

00002bde <__swbuf_r>:
    2bde:	1101                	addi	sp,sp,-32
    2be0:	cc22                	sw	s0,24(sp)
    2be2:	ca26                	sw	s1,20(sp)
    2be4:	c84a                	sw	s2,16(sp)
    2be6:	ce06                	sw	ra,28(sp)
    2be8:	c64e                	sw	s3,12(sp)
    2bea:	84aa                	mv	s1,a0
    2bec:	892e                	mv	s2,a1
    2bee:	8432                	mv	s0,a2
    2bf0:	c501                	beqz	a0,2bf8 <__swbuf_r+0x1a>
    2bf2:	4d1c                	lw	a5,24(a0)
    2bf4:	e391                	bnez	a5,2bf8 <__swbuf_r+0x1a>
    2bf6:	2129                	jal	3000 <__sinit>
    2bf8:	00002797          	auipc	a5,0x2
    2bfc:	c9c78793          	addi	a5,a5,-868 # 4894 <__sf_fake_stdin>
    2c00:	06f41763          	bne	s0,a5,2c6e <__swbuf_r+0x90>
    2c04:	40c0                	lw	s0,4(s1)
    2c06:	4c1c                	lw	a5,24(s0)
    2c08:	c41c                	sw	a5,8(s0)
    2c0a:	245e                	lhu	a5,12(s0)
    2c0c:	8ba1                	andi	a5,a5,8
    2c0e:	c3c1                	beqz	a5,2c8e <__swbuf_r+0xb0>
    2c10:	481c                	lw	a5,16(s0)
    2c12:	cfb5                	beqz	a5,2c8e <__swbuf_r+0xb0>
    2c14:	481c                	lw	a5,16(s0)
    2c16:	4008                	lw	a0,0(s0)
    2c18:	0ff97993          	andi	s3,s2,255
    2c1c:	0ff97913          	andi	s2,s2,255
    2c20:	8d1d                	sub	a0,a0,a5
    2c22:	485c                	lw	a5,20(s0)
    2c24:	00f54663          	blt	a0,a5,2c30 <__swbuf_r+0x52>
    2c28:	85a2                	mv	a1,s0
    2c2a:	8526                	mv	a0,s1
    2c2c:	2c65                	jal	2ee4 <_fflush_r>
    2c2e:	e525                	bnez	a0,2c96 <__swbuf_r+0xb8>
    2c30:	441c                	lw	a5,8(s0)
    2c32:	0505                	addi	a0,a0,1
    2c34:	17fd                	addi	a5,a5,-1
    2c36:	c41c                	sw	a5,8(s0)
    2c38:	401c                	lw	a5,0(s0)
    2c3a:	00178713          	addi	a4,a5,1
    2c3e:	c018                	sw	a4,0(s0)
    2c40:	01378023          	sb	s3,0(a5)
    2c44:	485c                	lw	a5,20(s0)
    2c46:	00a78863          	beq	a5,a0,2c56 <__swbuf_r+0x78>
    2c4a:	245e                	lhu	a5,12(s0)
    2c4c:	8b85                	andi	a5,a5,1
    2c4e:	cb81                	beqz	a5,2c5e <__swbuf_r+0x80>
    2c50:	47a9                	li	a5,10
    2c52:	00f91663          	bne	s2,a5,2c5e <__swbuf_r+0x80>
    2c56:	85a2                	mv	a1,s0
    2c58:	8526                	mv	a0,s1
    2c5a:	2469                	jal	2ee4 <_fflush_r>
    2c5c:	ed0d                	bnez	a0,2c96 <__swbuf_r+0xb8>
    2c5e:	40f2                	lw	ra,28(sp)
    2c60:	4462                	lw	s0,24(sp)
    2c62:	854a                	mv	a0,s2
    2c64:	44d2                	lw	s1,20(sp)
    2c66:	4942                	lw	s2,16(sp)
    2c68:	49b2                	lw	s3,12(sp)
    2c6a:	6105                	addi	sp,sp,32
    2c6c:	8082                	ret
    2c6e:	00002797          	auipc	a5,0x2
    2c72:	c4678793          	addi	a5,a5,-954 # 48b4 <__sf_fake_stdout>
    2c76:	00f41463          	bne	s0,a5,2c7e <__swbuf_r+0xa0>
    2c7a:	4480                	lw	s0,8(s1)
    2c7c:	b769                	j	2c06 <__swbuf_r+0x28>
    2c7e:	00002797          	auipc	a5,0x2
    2c82:	bf678793          	addi	a5,a5,-1034 # 4874 <__sf_fake_stderr>
    2c86:	f8f410e3          	bne	s0,a5,2c06 <__swbuf_r+0x28>
    2c8a:	44c0                	lw	s0,12(s1)
    2c8c:	bfad                	j	2c06 <__swbuf_r+0x28>
    2c8e:	85a2                	mv	a1,s0
    2c90:	8526                	mv	a0,s1
    2c92:	201d                	jal	2cb8 <__swsetup_r>
    2c94:	d141                	beqz	a0,2c14 <__swbuf_r+0x36>
    2c96:	597d                	li	s2,-1
    2c98:	b7d9                	j	2c5e <__swbuf_r+0x80>

00002c9a <__ascii_wctomb>:
    2c9a:	cd89                	beqz	a1,2cb4 <__ascii_wctomb+0x1a>
    2c9c:	0ff00793          	li	a5,255
    2ca0:	00c7f763          	bgeu	a5,a2,2cae <__ascii_wctomb+0x14>
    2ca4:	08a00793          	li	a5,138
    2ca8:	c11c                	sw	a5,0(a0)
    2caa:	557d                	li	a0,-1
    2cac:	8082                	ret
    2cae:	a190                	sb	a2,0(a1)
    2cb0:	4505                	li	a0,1
    2cb2:	8082                	ret
    2cb4:	4501                	li	a0,0
    2cb6:	8082                	ret

00002cb8 <__swsetup_r>:
    2cb8:	1141                	addi	sp,sp,-16
    2cba:	83018793          	addi	a5,gp,-2000 # 20000220 <_impure_ptr>
    2cbe:	c226                	sw	s1,4(sp)
    2cc0:	4384                	lw	s1,0(a5)
    2cc2:	c422                	sw	s0,8(sp)
    2cc4:	c04a                	sw	s2,0(sp)
    2cc6:	c606                	sw	ra,12(sp)
    2cc8:	892a                	mv	s2,a0
    2cca:	842e                	mv	s0,a1
    2ccc:	c489                	beqz	s1,2cd6 <__swsetup_r+0x1e>
    2cce:	4c9c                	lw	a5,24(s1)
    2cd0:	e399                	bnez	a5,2cd6 <__swsetup_r+0x1e>
    2cd2:	8526                	mv	a0,s1
    2cd4:	2635                	jal	3000 <__sinit>
    2cd6:	00002797          	auipc	a5,0x2
    2cda:	bbe78793          	addi	a5,a5,-1090 # 4894 <__sf_fake_stdin>
    2cde:	02f41b63          	bne	s0,a5,2d14 <__swsetup_r+0x5c>
    2ce2:	40c0                	lw	s0,4(s1)
    2ce4:	00c41703          	lh	a4,12(s0)
    2ce8:	01071793          	slli	a5,a4,0x10
    2cec:	83c1                	srli	a5,a5,0x10
    2cee:	0087f693          	andi	a3,a5,8
    2cf2:	eaad                	bnez	a3,2d64 <__swsetup_r+0xac>
    2cf4:	0107f693          	andi	a3,a5,16
    2cf8:	ee95                	bnez	a3,2d34 <__swsetup_r+0x7c>
    2cfa:	47a5                	li	a5,9
    2cfc:	00f92023          	sw	a5,0(s2)
    2d00:	04076713          	ori	a4,a4,64
    2d04:	a45a                	sh	a4,12(s0)
    2d06:	557d                	li	a0,-1
    2d08:	40b2                	lw	ra,12(sp)
    2d0a:	4422                	lw	s0,8(sp)
    2d0c:	4492                	lw	s1,4(sp)
    2d0e:	4902                	lw	s2,0(sp)
    2d10:	0141                	addi	sp,sp,16
    2d12:	8082                	ret
    2d14:	00002797          	auipc	a5,0x2
    2d18:	ba078793          	addi	a5,a5,-1120 # 48b4 <__sf_fake_stdout>
    2d1c:	00f41463          	bne	s0,a5,2d24 <__swsetup_r+0x6c>
    2d20:	4480                	lw	s0,8(s1)
    2d22:	b7c9                	j	2ce4 <__swsetup_r+0x2c>
    2d24:	00002797          	auipc	a5,0x2
    2d28:	b5078793          	addi	a5,a5,-1200 # 4874 <__sf_fake_stderr>
    2d2c:	faf41ce3          	bne	s0,a5,2ce4 <__swsetup_r+0x2c>
    2d30:	44c0                	lw	s0,12(s1)
    2d32:	bf4d                	j	2ce4 <__swsetup_r+0x2c>
    2d34:	8b91                	andi	a5,a5,4
    2d36:	c39d                	beqz	a5,2d5c <__swsetup_r+0xa4>
    2d38:	584c                	lw	a1,52(s0)
    2d3a:	c989                	beqz	a1,2d4c <__swsetup_r+0x94>
    2d3c:	04440793          	addi	a5,s0,68
    2d40:	00f58463          	beq	a1,a5,2d48 <__swsetup_r+0x90>
    2d44:	854a                	mv	a0,s2
    2d46:	2b29                	jal	3260 <_free_r>
    2d48:	02042a23          	sw	zero,52(s0)
    2d4c:	245e                	lhu	a5,12(s0)
    2d4e:	00042223          	sw	zero,4(s0)
    2d52:	fdb7f793          	andi	a5,a5,-37
    2d56:	a45e                	sh	a5,12(s0)
    2d58:	481c                	lw	a5,16(s0)
    2d5a:	c01c                	sw	a5,0(s0)
    2d5c:	245e                	lhu	a5,12(s0)
    2d5e:	0087e793          	ori	a5,a5,8
    2d62:	a45e                	sh	a5,12(s0)
    2d64:	481c                	lw	a5,16(s0)
    2d66:	eb99                	bnez	a5,2d7c <__swsetup_r+0xc4>
    2d68:	245e                	lhu	a5,12(s0)
    2d6a:	20000713          	li	a4,512
    2d6e:	2807f793          	andi	a5,a5,640
    2d72:	00e78563          	beq	a5,a4,2d7c <__swsetup_r+0xc4>
    2d76:	85a2                	mv	a1,s0
    2d78:	854a                	mv	a0,s2
    2d7a:	2991                	jal	31ce <__smakebuf_r>
    2d7c:	245e                	lhu	a5,12(s0)
    2d7e:	0017f713          	andi	a4,a5,1
    2d82:	c31d                	beqz	a4,2da8 <__swsetup_r+0xf0>
    2d84:	485c                	lw	a5,20(s0)
    2d86:	00042423          	sw	zero,8(s0)
    2d8a:	40f007b3          	neg	a5,a5
    2d8e:	cc1c                	sw	a5,24(s0)
    2d90:	481c                	lw	a5,16(s0)
    2d92:	4501                	li	a0,0
    2d94:	fbb5                	bnez	a5,2d08 <__swsetup_r+0x50>
    2d96:	00c41783          	lh	a5,12(s0)
    2d9a:	0807f713          	andi	a4,a5,128
    2d9e:	d72d                	beqz	a4,2d08 <__swsetup_r+0x50>
    2da0:	0407e793          	ori	a5,a5,64
    2da4:	a45e                	sh	a5,12(s0)
    2da6:	b785                	j	2d06 <__swsetup_r+0x4e>
    2da8:	8b89                	andi	a5,a5,2
    2daa:	4701                	li	a4,0
    2dac:	e391                	bnez	a5,2db0 <__swsetup_r+0xf8>
    2dae:	4858                	lw	a4,20(s0)
    2db0:	c418                	sw	a4,8(s0)
    2db2:	bff9                	j	2d90 <__swsetup_r+0xd8>

00002db4 <__sflush_r>:
    2db4:	25de                	lhu	a5,12(a1)
    2db6:	1101                	addi	sp,sp,-32
    2db8:	cc22                	sw	s0,24(sp)
    2dba:	ca26                	sw	s1,20(sp)
    2dbc:	ce06                	sw	ra,28(sp)
    2dbe:	c84a                	sw	s2,16(sp)
    2dc0:	c64e                	sw	s3,12(sp)
    2dc2:	0087f713          	andi	a4,a5,8
    2dc6:	84aa                	mv	s1,a0
    2dc8:	842e                	mv	s0,a1
    2dca:	eb79                	bnez	a4,2ea0 <__sflush_r+0xec>
    2dcc:	41d8                	lw	a4,4(a1)
    2dce:	00e04d63          	bgtz	a4,2de8 <__sflush_r+0x34>
    2dd2:	41b8                	lw	a4,64(a1)
    2dd4:	00e04a63          	bgtz	a4,2de8 <__sflush_r+0x34>
    2dd8:	4501                	li	a0,0
    2dda:	40f2                	lw	ra,28(sp)
    2ddc:	4462                	lw	s0,24(sp)
    2dde:	44d2                	lw	s1,20(sp)
    2de0:	4942                	lw	s2,16(sp)
    2de2:	49b2                	lw	s3,12(sp)
    2de4:	6105                	addi	sp,sp,32
    2de6:	8082                	ret
    2de8:	5458                	lw	a4,44(s0)
    2dea:	d77d                	beqz	a4,2dd8 <__sflush_r+0x24>
    2dec:	0004a903          	lw	s2,0(s1)
    2df0:	01379693          	slli	a3,a5,0x13
    2df4:	0004a023          	sw	zero,0(s1)
    2df8:	0606db63          	bgez	a3,2e6e <__sflush_r+0xba>
    2dfc:	4870                	lw	a2,84(s0)
    2dfe:	245e                	lhu	a5,12(s0)
    2e00:	8b91                	andi	a5,a5,4
    2e02:	c799                	beqz	a5,2e10 <__sflush_r+0x5c>
    2e04:	405c                	lw	a5,4(s0)
    2e06:	8e1d                	sub	a2,a2,a5
    2e08:	585c                	lw	a5,52(s0)
    2e0a:	c399                	beqz	a5,2e10 <__sflush_r+0x5c>
    2e0c:	403c                	lw	a5,64(s0)
    2e0e:	8e1d                	sub	a2,a2,a5
    2e10:	545c                	lw	a5,44(s0)
    2e12:	500c                	lw	a1,32(s0)
    2e14:	4681                	li	a3,0
    2e16:	8526                	mv	a0,s1
    2e18:	9782                	jalr	a5
    2e1a:	57fd                	li	a5,-1
    2e1c:	245a                	lhu	a4,12(s0)
    2e1e:	00f51d63          	bne	a0,a5,2e38 <__sflush_r+0x84>
    2e22:	4094                	lw	a3,0(s1)
    2e24:	47f5                	li	a5,29
    2e26:	06d7e863          	bltu	a5,a3,2e96 <__sflush_r+0xe2>
    2e2a:	204007b7          	lui	a5,0x20400
    2e2e:	0785                	addi	a5,a5,1
    2e30:	00d7d7b3          	srl	a5,a5,a3
    2e34:	8b85                	andi	a5,a5,1
    2e36:	c3a5                	beqz	a5,2e96 <__sflush_r+0xe2>
    2e38:	481c                	lw	a5,16(s0)
    2e3a:	00042223          	sw	zero,4(s0)
    2e3e:	c01c                	sw	a5,0(s0)
    2e40:	01371793          	slli	a5,a4,0x13
    2e44:	0007d863          	bgez	a5,2e54 <__sflush_r+0xa0>
    2e48:	57fd                	li	a5,-1
    2e4a:	00f51463          	bne	a0,a5,2e52 <__sflush_r+0x9e>
    2e4e:	409c                	lw	a5,0(s1)
    2e50:	e391                	bnez	a5,2e54 <__sflush_r+0xa0>
    2e52:	c868                	sw	a0,84(s0)
    2e54:	584c                	lw	a1,52(s0)
    2e56:	0124a023          	sw	s2,0(s1)
    2e5a:	ddbd                	beqz	a1,2dd8 <__sflush_r+0x24>
    2e5c:	04440793          	addi	a5,s0,68
    2e60:	00f58463          	beq	a1,a5,2e68 <__sflush_r+0xb4>
    2e64:	8526                	mv	a0,s1
    2e66:	2eed                	jal	3260 <_free_r>
    2e68:	02042a23          	sw	zero,52(s0)
    2e6c:	b7b5                	j	2dd8 <__sflush_r+0x24>
    2e6e:	500c                	lw	a1,32(s0)
    2e70:	4601                	li	a2,0
    2e72:	4685                	li	a3,1
    2e74:	8526                	mv	a0,s1
    2e76:	9702                	jalr	a4
    2e78:	57fd                	li	a5,-1
    2e7a:	862a                	mv	a2,a0
    2e7c:	f8f511e3          	bne	a0,a5,2dfe <__sflush_r+0x4a>
    2e80:	409c                	lw	a5,0(s1)
    2e82:	dfb5                	beqz	a5,2dfe <__sflush_r+0x4a>
    2e84:	4775                	li	a4,29
    2e86:	00e78563          	beq	a5,a4,2e90 <__sflush_r+0xdc>
    2e8a:	4759                	li	a4,22
    2e8c:	04e79363          	bne	a5,a4,2ed2 <__sflush_r+0x11e>
    2e90:	0124a023          	sw	s2,0(s1)
    2e94:	b791                	j	2dd8 <__sflush_r+0x24>
    2e96:	04076713          	ori	a4,a4,64
    2e9a:	a45a                	sh	a4,12(s0)
    2e9c:	557d                	li	a0,-1
    2e9e:	bf35                	j	2dda <__sflush_r+0x26>
    2ea0:	0105a983          	lw	s3,16(a1)
    2ea4:	f2098ae3          	beqz	s3,2dd8 <__sflush_r+0x24>
    2ea8:	0005a903          	lw	s2,0(a1)
    2eac:	8b8d                	andi	a5,a5,3
    2eae:	0135a023          	sw	s3,0(a1)
    2eb2:	41390933          	sub	s2,s2,s3
    2eb6:	4701                	li	a4,0
    2eb8:	e391                	bnez	a5,2ebc <__sflush_r+0x108>
    2eba:	49d8                	lw	a4,20(a1)
    2ebc:	c418                	sw	a4,8(s0)
    2ebe:	f1205de3          	blez	s2,2dd8 <__sflush_r+0x24>
    2ec2:	541c                	lw	a5,40(s0)
    2ec4:	500c                	lw	a1,32(s0)
    2ec6:	86ca                	mv	a3,s2
    2ec8:	864e                	mv	a2,s3
    2eca:	8526                	mv	a0,s1
    2ecc:	9782                	jalr	a5
    2ece:	00a04763          	bgtz	a0,2edc <__sflush_r+0x128>
    2ed2:	245e                	lhu	a5,12(s0)
    2ed4:	0407e793          	ori	a5,a5,64
    2ed8:	a45e                	sh	a5,12(s0)
    2eda:	b7c9                	j	2e9c <__sflush_r+0xe8>
    2edc:	99aa                	add	s3,s3,a0
    2ede:	40a90933          	sub	s2,s2,a0
    2ee2:	bff1                	j	2ebe <__sflush_r+0x10a>

00002ee4 <_fflush_r>:
    2ee4:	499c                	lw	a5,16(a1)
    2ee6:	c3a5                	beqz	a5,2f46 <_fflush_r+0x62>
    2ee8:	1101                	addi	sp,sp,-32
    2eea:	cc22                	sw	s0,24(sp)
    2eec:	ce06                	sw	ra,28(sp)
    2eee:	842a                	mv	s0,a0
    2ef0:	c511                	beqz	a0,2efc <_fflush_r+0x18>
    2ef2:	4d1c                	lw	a5,24(a0)
    2ef4:	e781                	bnez	a5,2efc <_fflush_r+0x18>
    2ef6:	c62e                	sw	a1,12(sp)
    2ef8:	2221                	jal	3000 <__sinit>
    2efa:	45b2                	lw	a1,12(sp)
    2efc:	00002797          	auipc	a5,0x2
    2f00:	99878793          	addi	a5,a5,-1640 # 4894 <__sf_fake_stdin>
    2f04:	00f59c63          	bne	a1,a5,2f1c <_fflush_r+0x38>
    2f08:	404c                	lw	a1,4(s0)
    2f0a:	00c59783          	lh	a5,12(a1)
    2f0e:	c79d                	beqz	a5,2f3c <_fflush_r+0x58>
    2f10:	8522                	mv	a0,s0
    2f12:	4462                	lw	s0,24(sp)
    2f14:	40f2                	lw	ra,28(sp)
    2f16:	6105                	addi	sp,sp,32
    2f18:	e9dff06f          	j	2db4 <__sflush_r>
    2f1c:	00002797          	auipc	a5,0x2
    2f20:	99878793          	addi	a5,a5,-1640 # 48b4 <__sf_fake_stdout>
    2f24:	00f59463          	bne	a1,a5,2f2c <_fflush_r+0x48>
    2f28:	440c                	lw	a1,8(s0)
    2f2a:	b7c5                	j	2f0a <_fflush_r+0x26>
    2f2c:	00002797          	auipc	a5,0x2
    2f30:	94878793          	addi	a5,a5,-1720 # 4874 <__sf_fake_stderr>
    2f34:	fcf59be3          	bne	a1,a5,2f0a <_fflush_r+0x26>
    2f38:	444c                	lw	a1,12(s0)
    2f3a:	bfc1                	j	2f0a <_fflush_r+0x26>
    2f3c:	40f2                	lw	ra,28(sp)
    2f3e:	4462                	lw	s0,24(sp)
    2f40:	4501                	li	a0,0
    2f42:	6105                	addi	sp,sp,32
    2f44:	8082                	ret
    2f46:	4501                	li	a0,0
    2f48:	8082                	ret

00002f4a <std>:
    2f4a:	1141                	addi	sp,sp,-16
    2f4c:	c422                	sw	s0,8(sp)
    2f4e:	c606                	sw	ra,12(sp)
    2f50:	842a                	mv	s0,a0
    2f52:	a54e                	sh	a1,12(a0)
    2f54:	a572                	sh	a2,14(a0)
    2f56:	00052023          	sw	zero,0(a0)
    2f5a:	00052223          	sw	zero,4(a0)
    2f5e:	00052423          	sw	zero,8(a0)
    2f62:	06052223          	sw	zero,100(a0)
    2f66:	00052823          	sw	zero,16(a0)
    2f6a:	00052a23          	sw	zero,20(a0)
    2f6e:	00052c23          	sw	zero,24(a0)
    2f72:	4621                	li	a2,8
    2f74:	4581                	li	a1,0
    2f76:	05c50513          	addi	a0,a0,92
    2f7a:	9e6fd0ef          	jal	ra,160 <memset>
    2f7e:	00001797          	auipc	a5,0x1
    2f82:	b2878793          	addi	a5,a5,-1240 # 3aa6 <__sread>
    2f86:	d05c                	sw	a5,36(s0)
    2f88:	00001797          	auipc	a5,0x1
    2f8c:	b4a78793          	addi	a5,a5,-1206 # 3ad2 <__swrite>
    2f90:	d41c                	sw	a5,40(s0)
    2f92:	00001797          	auipc	a5,0x1
    2f96:	b8878793          	addi	a5,a5,-1144 # 3b1a <__sseek>
    2f9a:	d45c                	sw	a5,44(s0)
    2f9c:	00001797          	auipc	a5,0x1
    2fa0:	bae78793          	addi	a5,a5,-1106 # 3b4a <__sclose>
    2fa4:	d000                	sw	s0,32(s0)
    2fa6:	d81c                	sw	a5,48(s0)
    2fa8:	40b2                	lw	ra,12(sp)
    2faa:	4422                	lw	s0,8(sp)
    2fac:	0141                	addi	sp,sp,16
    2fae:	8082                	ret

00002fb0 <_cleanup_r>:
    2fb0:	00000597          	auipc	a1,0x0
    2fb4:	f3458593          	addi	a1,a1,-204 # 2ee4 <_fflush_r>
    2fb8:	aa91                	j	310c <_fwalk_reent>

00002fba <__sfmoreglue>:
    2fba:	1141                	addi	sp,sp,-16
    2fbc:	c226                	sw	s1,4(sp)
    2fbe:	06800613          	li	a2,104
    2fc2:	fff58493          	addi	s1,a1,-1
    2fc6:	02c484b3          	mul	s1,s1,a2
    2fca:	c04a                	sw	s2,0(sp)
    2fcc:	892e                	mv	s2,a1
    2fce:	c422                	sw	s0,8(sp)
    2fd0:	c606                	sw	ra,12(sp)
    2fd2:	07448593          	addi	a1,s1,116
    2fd6:	2e0d                	jal	3308 <_malloc_r>
    2fd8:	842a                	mv	s0,a0
    2fda:	cd01                	beqz	a0,2ff2 <__sfmoreglue+0x38>
    2fdc:	00052023          	sw	zero,0(a0)
    2fe0:	01252223          	sw	s2,4(a0)
    2fe4:	0531                	addi	a0,a0,12
    2fe6:	c408                	sw	a0,8(s0)
    2fe8:	06848613          	addi	a2,s1,104
    2fec:	4581                	li	a1,0
    2fee:	972fd0ef          	jal	ra,160 <memset>
    2ff2:	8522                	mv	a0,s0
    2ff4:	40b2                	lw	ra,12(sp)
    2ff6:	4422                	lw	s0,8(sp)
    2ff8:	4492                	lw	s1,4(sp)
    2ffa:	4902                	lw	s2,0(sp)
    2ffc:	0141                	addi	sp,sp,16
    2ffe:	8082                	ret

00003000 <__sinit>:
    3000:	4d1c                	lw	a5,24(a0)
    3002:	e7a5                	bnez	a5,306a <__sinit+0x6a>
    3004:	1141                	addi	sp,sp,-16
    3006:	c606                	sw	ra,12(sp)
    3008:	c422                	sw	s0,8(sp)
    300a:	00000797          	auipc	a5,0x0
    300e:	fa678793          	addi	a5,a5,-90 # 2fb0 <_cleanup_r>
    3012:	d51c                	sw	a5,40(a0)
    3014:	84018793          	addi	a5,gp,-1984 # 20000230 <_global_impure_ptr>
    3018:	439c                	lw	a5,0(a5)
    301a:	04052423          	sw	zero,72(a0)
    301e:	04052623          	sw	zero,76(a0)
    3022:	04052823          	sw	zero,80(a0)
    3026:	00f51463          	bne	a0,a5,302e <__sinit+0x2e>
    302a:	4785                	li	a5,1
    302c:	cd1c                	sw	a5,24(a0)
    302e:	842a                	mv	s0,a0
    3030:	2835                	jal	306c <__sfp>
    3032:	c048                	sw	a0,4(s0)
    3034:	8522                	mv	a0,s0
    3036:	281d                	jal	306c <__sfp>
    3038:	c408                	sw	a0,8(s0)
    303a:	8522                	mv	a0,s0
    303c:	2805                	jal	306c <__sfp>
    303e:	c448                	sw	a0,12(s0)
    3040:	4048                	lw	a0,4(s0)
    3042:	4601                	li	a2,0
    3044:	4591                	li	a1,4
    3046:	f05ff0ef          	jal	ra,2f4a <std>
    304a:	4408                	lw	a0,8(s0)
    304c:	4605                	li	a2,1
    304e:	45a5                	li	a1,9
    3050:	efbff0ef          	jal	ra,2f4a <std>
    3054:	4448                	lw	a0,12(s0)
    3056:	4609                	li	a2,2
    3058:	45c9                	li	a1,18
    305a:	ef1ff0ef          	jal	ra,2f4a <std>
    305e:	4785                	li	a5,1
    3060:	cc1c                	sw	a5,24(s0)
    3062:	40b2                	lw	ra,12(sp)
    3064:	4422                	lw	s0,8(sp)
    3066:	0141                	addi	sp,sp,16
    3068:	8082                	ret
    306a:	8082                	ret

0000306c <__sfp>:
    306c:	1141                	addi	sp,sp,-16
    306e:	84018793          	addi	a5,gp,-1984 # 20000230 <_global_impure_ptr>
    3072:	c226                	sw	s1,4(sp)
    3074:	4384                	lw	s1,0(a5)
    3076:	c04a                	sw	s2,0(sp)
    3078:	c606                	sw	ra,12(sp)
    307a:	4c9c                	lw	a5,24(s1)
    307c:	c422                	sw	s0,8(sp)
    307e:	892a                	mv	s2,a0
    3080:	e781                	bnez	a5,3088 <__sfp+0x1c>
    3082:	8526                	mv	a0,s1
    3084:	f7dff0ef          	jal	ra,3000 <__sinit>
    3088:	04848493          	addi	s1,s1,72
    308c:	4480                	lw	s0,8(s1)
    308e:	40dc                	lw	a5,4(s1)
    3090:	17fd                	addi	a5,a5,-1
    3092:	0007d663          	bgez	a5,309e <__sfp+0x32>
    3096:	409c                	lw	a5,0(s1)
    3098:	cfb9                	beqz	a5,30f6 <__sfp+0x8a>
    309a:	4084                	lw	s1,0(s1)
    309c:	bfc5                	j	308c <__sfp+0x20>
    309e:	00c41703          	lh	a4,12(s0)
    30a2:	e739                	bnez	a4,30f0 <__sfp+0x84>
    30a4:	77c1                	lui	a5,0xffff0
    30a6:	0785                	addi	a5,a5,1
    30a8:	06042223          	sw	zero,100(s0)
    30ac:	00042023          	sw	zero,0(s0)
    30b0:	00042223          	sw	zero,4(s0)
    30b4:	00042423          	sw	zero,8(s0)
    30b8:	c45c                	sw	a5,12(s0)
    30ba:	00042823          	sw	zero,16(s0)
    30be:	00042a23          	sw	zero,20(s0)
    30c2:	00042c23          	sw	zero,24(s0)
    30c6:	4621                	li	a2,8
    30c8:	4581                	li	a1,0
    30ca:	05c40513          	addi	a0,s0,92
    30ce:	892fd0ef          	jal	ra,160 <memset>
    30d2:	02042a23          	sw	zero,52(s0)
    30d6:	02042c23          	sw	zero,56(s0)
    30da:	04042423          	sw	zero,72(s0)
    30de:	04042623          	sw	zero,76(s0)
    30e2:	8522                	mv	a0,s0
    30e4:	40b2                	lw	ra,12(sp)
    30e6:	4422                	lw	s0,8(sp)
    30e8:	4492                	lw	s1,4(sp)
    30ea:	4902                	lw	s2,0(sp)
    30ec:	0141                	addi	sp,sp,16
    30ee:	8082                	ret
    30f0:	06840413          	addi	s0,s0,104
    30f4:	bf71                	j	3090 <__sfp+0x24>
    30f6:	4591                	li	a1,4
    30f8:	854a                	mv	a0,s2
    30fa:	ec1ff0ef          	jal	ra,2fba <__sfmoreglue>
    30fe:	c088                	sw	a0,0(s1)
    3100:	fd49                	bnez	a0,309a <__sfp+0x2e>
    3102:	47b1                	li	a5,12
    3104:	00f92023          	sw	a5,0(s2)
    3108:	4401                	li	s0,0
    310a:	bfe1                	j	30e2 <__sfp+0x76>

0000310c <_fwalk_reent>:
    310c:	7179                	addi	sp,sp,-48
    310e:	d422                	sw	s0,40(sp)
    3110:	d04a                	sw	s2,32(sp)
    3112:	cc52                	sw	s4,24(sp)
    3114:	ca56                	sw	s5,20(sp)
    3116:	c85a                	sw	s6,16(sp)
    3118:	c65e                	sw	s7,12(sp)
    311a:	d606                	sw	ra,44(sp)
    311c:	d226                	sw	s1,36(sp)
    311e:	ce4e                	sw	s3,28(sp)
    3120:	8a2a                	mv	s4,a0
    3122:	8aae                	mv	s5,a1
    3124:	04850413          	addi	s0,a0,72
    3128:	4901                	li	s2,0
    312a:	4b05                	li	s6,1
    312c:	5bfd                	li	s7,-1
    312e:	ec09                	bnez	s0,3148 <_fwalk_reent+0x3c>
    3130:	50b2                	lw	ra,44(sp)
    3132:	5422                	lw	s0,40(sp)
    3134:	854a                	mv	a0,s2
    3136:	5492                	lw	s1,36(sp)
    3138:	5902                	lw	s2,32(sp)
    313a:	49f2                	lw	s3,28(sp)
    313c:	4a62                	lw	s4,24(sp)
    313e:	4ad2                	lw	s5,20(sp)
    3140:	4b42                	lw	s6,16(sp)
    3142:	4bb2                	lw	s7,12(sp)
    3144:	6145                	addi	sp,sp,48
    3146:	8082                	ret
    3148:	4404                	lw	s1,8(s0)
    314a:	00442983          	lw	s3,4(s0)
    314e:	19fd                	addi	s3,s3,-1
    3150:	0009d463          	bgez	s3,3158 <_fwalk_reent+0x4c>
    3154:	4000                	lw	s0,0(s0)
    3156:	bfe1                	j	312e <_fwalk_reent+0x22>
    3158:	24de                	lhu	a5,12(s1)
    315a:	00fb7b63          	bgeu	s6,a5,3170 <_fwalk_reent+0x64>
    315e:	00e49783          	lh	a5,14(s1)
    3162:	01778763          	beq	a5,s7,3170 <_fwalk_reent+0x64>
    3166:	85a6                	mv	a1,s1
    3168:	8552                	mv	a0,s4
    316a:	9a82                	jalr	s5
    316c:	00a96933          	or	s2,s2,a0
    3170:	06848493          	addi	s1,s1,104
    3174:	bfe9                	j	314e <_fwalk_reent+0x42>

00003176 <__swhatbuf_r>:
    3176:	7119                	addi	sp,sp,-128
    3178:	daa6                	sw	s1,116(sp)
    317a:	84ae                	mv	s1,a1
    317c:	00e59583          	lh	a1,14(a1)
    3180:	dca2                	sw	s0,120(sp)
    3182:	de86                	sw	ra,124(sp)
    3184:	8432                	mv	s0,a2
    3186:	0005db63          	bgez	a1,319c <__swhatbuf_r+0x26>
    318a:	24de                	lhu	a5,12(s1)
    318c:	0006a023          	sw	zero,0(a3)
    3190:	0807f793          	andi	a5,a5,128
    3194:	e785                	bnez	a5,31bc <__swhatbuf_r+0x46>
    3196:	40000793          	li	a5,1024
    319a:	a01d                	j	31c0 <__swhatbuf_r+0x4a>
    319c:	0830                	addi	a2,sp,24
    319e:	c636                	sw	a3,12(sp)
    31a0:	207000ef          	jal	ra,3ba6 <_fstat_r>
    31a4:	46b2                	lw	a3,12(sp)
    31a6:	fe0542e3          	bltz	a0,318a <__swhatbuf_r+0x14>
    31aa:	4772                	lw	a4,28(sp)
    31ac:	67bd                	lui	a5,0xf
    31ae:	8ff9                	and	a5,a5,a4
    31b0:	7779                	lui	a4,0xffffe
    31b2:	97ba                	add	a5,a5,a4
    31b4:	0017b793          	seqz	a5,a5
    31b8:	c29c                	sw	a5,0(a3)
    31ba:	bff1                	j	3196 <__swhatbuf_r+0x20>
    31bc:	04000793          	li	a5,64
    31c0:	c01c                	sw	a5,0(s0)
    31c2:	50f6                	lw	ra,124(sp)
    31c4:	5466                	lw	s0,120(sp)
    31c6:	54d6                	lw	s1,116(sp)
    31c8:	4501                	li	a0,0
    31ca:	6109                	addi	sp,sp,128
    31cc:	8082                	ret

000031ce <__smakebuf_r>:
    31ce:	25de                	lhu	a5,12(a1)
    31d0:	1101                	addi	sp,sp,-32
    31d2:	cc22                	sw	s0,24(sp)
    31d4:	ce06                	sw	ra,28(sp)
    31d6:	ca26                	sw	s1,20(sp)
    31d8:	c84a                	sw	s2,16(sp)
    31da:	8b89                	andi	a5,a5,2
    31dc:	842e                	mv	s0,a1
    31de:	cf89                	beqz	a5,31f8 <__smakebuf_r+0x2a>
    31e0:	04740793          	addi	a5,s0,71
    31e4:	c01c                	sw	a5,0(s0)
    31e6:	c81c                	sw	a5,16(s0)
    31e8:	4785                	li	a5,1
    31ea:	c85c                	sw	a5,20(s0)
    31ec:	40f2                	lw	ra,28(sp)
    31ee:	4462                	lw	s0,24(sp)
    31f0:	44d2                	lw	s1,20(sp)
    31f2:	4942                	lw	s2,16(sp)
    31f4:	6105                	addi	sp,sp,32
    31f6:	8082                	ret
    31f8:	0074                	addi	a3,sp,12
    31fa:	0030                	addi	a2,sp,8
    31fc:	84aa                	mv	s1,a0
    31fe:	f79ff0ef          	jal	ra,3176 <__swhatbuf_r>
    3202:	45a2                	lw	a1,8(sp)
    3204:	892a                	mv	s2,a0
    3206:	8526                	mv	a0,s1
    3208:	2201                	jal	3308 <_malloc_r>
    320a:	e919                	bnez	a0,3220 <__smakebuf_r+0x52>
    320c:	00c41783          	lh	a5,12(s0)
    3210:	2007f713          	andi	a4,a5,512
    3214:	ff61                	bnez	a4,31ec <__smakebuf_r+0x1e>
    3216:	9bf1                	andi	a5,a5,-4
    3218:	0027e793          	ori	a5,a5,2
    321c:	a45e                	sh	a5,12(s0)
    321e:	b7c9                	j	31e0 <__smakebuf_r+0x12>
    3220:	00000797          	auipc	a5,0x0
    3224:	d9078793          	addi	a5,a5,-624 # 2fb0 <_cleanup_r>
    3228:	d49c                	sw	a5,40(s1)
    322a:	245e                	lhu	a5,12(s0)
    322c:	c008                	sw	a0,0(s0)
    322e:	c808                	sw	a0,16(s0)
    3230:	0807e793          	ori	a5,a5,128
    3234:	a45e                	sh	a5,12(s0)
    3236:	47a2                	lw	a5,8(sp)
    3238:	c85c                	sw	a5,20(s0)
    323a:	47b2                	lw	a5,12(sp)
    323c:	cf81                	beqz	a5,3254 <__smakebuf_r+0x86>
    323e:	00e41583          	lh	a1,14(s0)
    3242:	8526                	mv	a0,s1
    3244:	18d000ef          	jal	ra,3bd0 <_isatty_r>
    3248:	c511                	beqz	a0,3254 <__smakebuf_r+0x86>
    324a:	245e                	lhu	a5,12(s0)
    324c:	9bf1                	andi	a5,a5,-4
    324e:	0017e793          	ori	a5,a5,1
    3252:	a45e                	sh	a5,12(s0)
    3254:	245e                	lhu	a5,12(s0)
    3256:	00f96933          	or	s2,s2,a5
    325a:	01241623          	sh	s2,12(s0)
    325e:	b779                	j	31ec <__smakebuf_r+0x1e>

00003260 <_free_r>:
    3260:	c1dd                	beqz	a1,3306 <_free_r+0xa6>
    3262:	ffc5a783          	lw	a5,-4(a1)
    3266:	1141                	addi	sp,sp,-16
    3268:	c422                	sw	s0,8(sp)
    326a:	c606                	sw	ra,12(sp)
    326c:	c226                	sw	s1,4(sp)
    326e:	ffc58413          	addi	s0,a1,-4
    3272:	0007d363          	bgez	a5,3278 <_free_r+0x18>
    3276:	943e                	add	s0,s0,a5
    3278:	84aa                	mv	s1,a0
    327a:	1c3000ef          	jal	ra,3c3c <__malloc_lock>
    327e:	8a018793          	addi	a5,gp,-1888 # 20000290 <__malloc_free_list>
    3282:	439c                	lw	a5,0(a5)
    3284:	ef81                	bnez	a5,329c <_free_r+0x3c>
    3286:	00042223          	sw	zero,4(s0)
    328a:	8a81a023          	sw	s0,-1888(gp) # 20000290 <__malloc_free_list>
    328e:	4422                	lw	s0,8(sp)
    3290:	40b2                	lw	ra,12(sp)
    3292:	8526                	mv	a0,s1
    3294:	4492                	lw	s1,4(sp)
    3296:	0141                	addi	sp,sp,16
    3298:	1a70006f          	j	3c3e <__malloc_unlock>
    329c:	00f47e63          	bgeu	s0,a5,32b8 <_free_r+0x58>
    32a0:	4014                	lw	a3,0(s0)
    32a2:	00d40733          	add	a4,s0,a3
    32a6:	00e79663          	bne	a5,a4,32b2 <_free_r+0x52>
    32aa:	4398                	lw	a4,0(a5)
    32ac:	43dc                	lw	a5,4(a5)
    32ae:	9736                	add	a4,a4,a3
    32b0:	c018                	sw	a4,0(s0)
    32b2:	c05c                	sw	a5,4(s0)
    32b4:	bfd9                	j	328a <_free_r+0x2a>
    32b6:	87ba                	mv	a5,a4
    32b8:	43d8                	lw	a4,4(a5)
    32ba:	c319                	beqz	a4,32c0 <_free_r+0x60>
    32bc:	fee47de3          	bgeu	s0,a4,32b6 <_free_r+0x56>
    32c0:	4394                	lw	a3,0(a5)
    32c2:	00d78633          	add	a2,a5,a3
    32c6:	00861f63          	bne	a2,s0,32e4 <_free_r+0x84>
    32ca:	4010                	lw	a2,0(s0)
    32cc:	96b2                	add	a3,a3,a2
    32ce:	c394                	sw	a3,0(a5)
    32d0:	00d78633          	add	a2,a5,a3
    32d4:	fac71de3          	bne	a4,a2,328e <_free_r+0x2e>
    32d8:	4310                	lw	a2,0(a4)
    32da:	4358                	lw	a4,4(a4)
    32dc:	96b2                	add	a3,a3,a2
    32de:	c394                	sw	a3,0(a5)
    32e0:	c3d8                	sw	a4,4(a5)
    32e2:	b775                	j	328e <_free_r+0x2e>
    32e4:	00c47563          	bgeu	s0,a2,32ee <_free_r+0x8e>
    32e8:	47b1                	li	a5,12
    32ea:	c09c                	sw	a5,0(s1)
    32ec:	b74d                	j	328e <_free_r+0x2e>
    32ee:	4010                	lw	a2,0(s0)
    32f0:	00c406b3          	add	a3,s0,a2
    32f4:	00d71663          	bne	a4,a3,3300 <_free_r+0xa0>
    32f8:	4314                	lw	a3,0(a4)
    32fa:	4358                	lw	a4,4(a4)
    32fc:	96b2                	add	a3,a3,a2
    32fe:	c014                	sw	a3,0(s0)
    3300:	c058                	sw	a4,4(s0)
    3302:	c3c0                	sw	s0,4(a5)
    3304:	b769                	j	328e <_free_r+0x2e>
    3306:	8082                	ret

00003308 <_malloc_r>:
    3308:	1101                	addi	sp,sp,-32
    330a:	ca26                	sw	s1,20(sp)
    330c:	00358493          	addi	s1,a1,3
    3310:	98f1                	andi	s1,s1,-4
    3312:	ce06                	sw	ra,28(sp)
    3314:	cc22                	sw	s0,24(sp)
    3316:	c84a                	sw	s2,16(sp)
    3318:	c64e                	sw	s3,12(sp)
    331a:	04a1                	addi	s1,s1,8
    331c:	47b1                	li	a5,12
    331e:	04f4f363          	bgeu	s1,a5,3364 <_malloc_r+0x5c>
    3322:	44b1                	li	s1,12
    3324:	04b4e263          	bltu	s1,a1,3368 <_malloc_r+0x60>
    3328:	892a                	mv	s2,a0
    332a:	113000ef          	jal	ra,3c3c <__malloc_lock>
    332e:	8a018793          	addi	a5,gp,-1888 # 20000290 <__malloc_free_list>
    3332:	4398                	lw	a4,0(a5)
    3334:	843a                	mv	s0,a4
    3336:	e039                	bnez	s0,337c <_malloc_r+0x74>
    3338:	8a418793          	addi	a5,gp,-1884 # 20000294 <__malloc_sbrk_start>
    333c:	439c                	lw	a5,0(a5)
    333e:	e791                	bnez	a5,334a <_malloc_r+0x42>
    3340:	4581                	li	a1,0
    3342:	854a                	mv	a0,s2
    3344:	2f25                	jal	3a7c <_sbrk_r>
    3346:	8aa1a223          	sw	a0,-1884(gp) # 20000294 <__malloc_sbrk_start>
    334a:	85a6                	mv	a1,s1
    334c:	854a                	mv	a0,s2
    334e:	273d                	jal	3a7c <_sbrk_r>
    3350:	59fd                	li	s3,-1
    3352:	07351963          	bne	a0,s3,33c4 <_malloc_r+0xbc>
    3356:	47b1                	li	a5,12
    3358:	00f92023          	sw	a5,0(s2)
    335c:	854a                	mv	a0,s2
    335e:	0e1000ef          	jal	ra,3c3e <__malloc_unlock>
    3362:	a029                	j	336c <_malloc_r+0x64>
    3364:	fc04d0e3          	bgez	s1,3324 <_malloc_r+0x1c>
    3368:	47b1                	li	a5,12
    336a:	c11c                	sw	a5,0(a0)
    336c:	4501                	li	a0,0
    336e:	40f2                	lw	ra,28(sp)
    3370:	4462                	lw	s0,24(sp)
    3372:	44d2                	lw	s1,20(sp)
    3374:	4942                	lw	s2,16(sp)
    3376:	49b2                	lw	s3,12(sp)
    3378:	6105                	addi	sp,sp,32
    337a:	8082                	ret
    337c:	401c                	lw	a5,0(s0)
    337e:	8f85                	sub	a5,a5,s1
    3380:	0207cf63          	bltz	a5,33be <_malloc_r+0xb6>
    3384:	46ad                	li	a3,11
    3386:	00f6f663          	bgeu	a3,a5,3392 <_malloc_r+0x8a>
    338a:	c01c                	sw	a5,0(s0)
    338c:	943e                	add	s0,s0,a5
    338e:	c004                	sw	s1,0(s0)
    3390:	a031                	j	339c <_malloc_r+0x94>
    3392:	405c                	lw	a5,4(s0)
    3394:	02871363          	bne	a4,s0,33ba <_malloc_r+0xb2>
    3398:	8af1a023          	sw	a5,-1888(gp) # 20000290 <__malloc_free_list>
    339c:	854a                	mv	a0,s2
    339e:	0a1000ef          	jal	ra,3c3e <__malloc_unlock>
    33a2:	00b40513          	addi	a0,s0,11
    33a6:	00440793          	addi	a5,s0,4
    33aa:	9961                	andi	a0,a0,-8
    33ac:	40f50733          	sub	a4,a0,a5
    33b0:	df5d                	beqz	a4,336e <_malloc_r+0x66>
    33b2:	943a                	add	s0,s0,a4
    33b4:	8f89                	sub	a5,a5,a0
    33b6:	c01c                	sw	a5,0(s0)
    33b8:	bf5d                	j	336e <_malloc_r+0x66>
    33ba:	c35c                	sw	a5,4(a4)
    33bc:	b7c5                	j	339c <_malloc_r+0x94>
    33be:	8722                	mv	a4,s0
    33c0:	4040                	lw	s0,4(s0)
    33c2:	bf95                	j	3336 <_malloc_r+0x2e>
    33c4:	00350413          	addi	s0,a0,3
    33c8:	9871                	andi	s0,s0,-4
    33ca:	fc8502e3          	beq	a0,s0,338e <_malloc_r+0x86>
    33ce:	40a405b3          	sub	a1,s0,a0
    33d2:	854a                	mv	a0,s2
    33d4:	2565                	jal	3a7c <_sbrk_r>
    33d6:	fb351ce3          	bne	a0,s3,338e <_malloc_r+0x86>
    33da:	bfb5                	j	3356 <_malloc_r+0x4e>

000033dc <__sfputc_r>:
    33dc:	461c                	lw	a5,8(a2)
    33de:	17fd                	addi	a5,a5,-1
    33e0:	c61c                	sw	a5,8(a2)
    33e2:	0007da63          	bgez	a5,33f6 <__sfputc_r+0x1a>
    33e6:	4e18                	lw	a4,24(a2)
    33e8:	00e7c563          	blt	a5,a4,33f2 <__sfputc_r+0x16>
    33ec:	47a9                	li	a5,10
    33ee:	00f59463          	bne	a1,a5,33f6 <__sfputc_r+0x1a>
    33f2:	fecff06f          	j	2bde <__swbuf_r>
    33f6:	421c                	lw	a5,0(a2)
    33f8:	852e                	mv	a0,a1
    33fa:	00178713          	addi	a4,a5,1
    33fe:	c218                	sw	a4,0(a2)
    3400:	a38c                	sb	a1,0(a5)
    3402:	8082                	ret

00003404 <__sfputs_r>:
    3404:	1101                	addi	sp,sp,-32
    3406:	cc22                	sw	s0,24(sp)
    3408:	ca26                	sw	s1,20(sp)
    340a:	c84a                	sw	s2,16(sp)
    340c:	c64e                	sw	s3,12(sp)
    340e:	c452                	sw	s4,8(sp)
    3410:	ce06                	sw	ra,28(sp)
    3412:	892a                	mv	s2,a0
    3414:	89ae                	mv	s3,a1
    3416:	8432                	mv	s0,a2
    3418:	00d604b3          	add	s1,a2,a3
    341c:	5a7d                	li	s4,-1
    341e:	00941463          	bne	s0,s1,3426 <__sfputs_r+0x22>
    3422:	4501                	li	a0,0
    3424:	a809                	j	3436 <__sfputs_r+0x32>
    3426:	200c                	lbu	a1,0(s0)
    3428:	864e                	mv	a2,s3
    342a:	854a                	mv	a0,s2
    342c:	fb1ff0ef          	jal	ra,33dc <__sfputc_r>
    3430:	0405                	addi	s0,s0,1
    3432:	ff4516e3          	bne	a0,s4,341e <__sfputs_r+0x1a>
    3436:	40f2                	lw	ra,28(sp)
    3438:	4462                	lw	s0,24(sp)
    343a:	44d2                	lw	s1,20(sp)
    343c:	4942                	lw	s2,16(sp)
    343e:	49b2                	lw	s3,12(sp)
    3440:	4a22                	lw	s4,8(sp)
    3442:	6105                	addi	sp,sp,32
    3444:	8082                	ret

00003446 <_vfiprintf_r>:
    3446:	7135                	addi	sp,sp,-160
    3448:	cd22                	sw	s0,152(sp)
    344a:	cb26                	sw	s1,148(sp)
    344c:	c94a                	sw	s2,144(sp)
    344e:	c74e                	sw	s3,140(sp)
    3450:	cf06                	sw	ra,156(sp)
    3452:	c552                	sw	s4,136(sp)
    3454:	c356                	sw	s5,132(sp)
    3456:	c15a                	sw	s6,128(sp)
    3458:	dede                	sw	s7,124(sp)
    345a:	dce2                	sw	s8,120(sp)
    345c:	dae6                	sw	s9,116(sp)
    345e:	89aa                	mv	s3,a0
    3460:	84ae                	mv	s1,a1
    3462:	8932                	mv	s2,a2
    3464:	8436                	mv	s0,a3
    3466:	c509                	beqz	a0,3470 <_vfiprintf_r+0x2a>
    3468:	4d1c                	lw	a5,24(a0)
    346a:	e399                	bnez	a5,3470 <_vfiprintf_r+0x2a>
    346c:	b95ff0ef          	jal	ra,3000 <__sinit>
    3470:	00001797          	auipc	a5,0x1
    3474:	42478793          	addi	a5,a5,1060 # 4894 <__sf_fake_stdin>
    3478:	0cf49863          	bne	s1,a5,3548 <_vfiprintf_r+0x102>
    347c:	0049a483          	lw	s1,4(s3)
    3480:	24de                	lhu	a5,12(s1)
    3482:	8ba1                	andi	a5,a5,8
    3484:	c7e5                	beqz	a5,356c <_vfiprintf_r+0x126>
    3486:	489c                	lw	a5,16(s1)
    3488:	c3f5                	beqz	a5,356c <_vfiprintf_r+0x126>
    348a:	02000793          	li	a5,32
    348e:	02f104a3          	sb	a5,41(sp)
    3492:	03000793          	li	a5,48
    3496:	d202                	sw	zero,36(sp)
    3498:	02f10523          	sb	a5,42(sp)
    349c:	c622                	sw	s0,12(sp)
    349e:	02500b93          	li	s7,37
    34a2:	00001a97          	auipc	s5,0x1
    34a6:	432a8a93          	addi	s5,s5,1074 # 48d4 <__sf_fake_stdout+0x20>
    34aa:	4c05                	li	s8,1
    34ac:	4b29                	li	s6,10
    34ae:	844a                	mv	s0,s2
    34b0:	201c                	lbu	a5,0(s0)
    34b2:	c399                	beqz	a5,34b8 <_vfiprintf_r+0x72>
    34b4:	0d779f63          	bne	a5,s7,3592 <_vfiprintf_r+0x14c>
    34b8:	41240cb3          	sub	s9,s0,s2
    34bc:	000c8e63          	beqz	s9,34d8 <_vfiprintf_r+0x92>
    34c0:	86e6                	mv	a3,s9
    34c2:	864a                	mv	a2,s2
    34c4:	85a6                	mv	a1,s1
    34c6:	854e                	mv	a0,s3
    34c8:	f3dff0ef          	jal	ra,3404 <__sfputs_r>
    34cc:	57fd                	li	a5,-1
    34ce:	1cf50f63          	beq	a0,a5,36ac <_vfiprintf_r+0x266>
    34d2:	5692                	lw	a3,36(sp)
    34d4:	96e6                	add	a3,a3,s9
    34d6:	d236                	sw	a3,36(sp)
    34d8:	201c                	lbu	a5,0(s0)
    34da:	1c078963          	beqz	a5,36ac <_vfiprintf_r+0x266>
    34de:	57fd                	li	a5,-1
    34e0:	00140913          	addi	s2,s0,1
    34e4:	c802                	sw	zero,16(sp)
    34e6:	ce02                	sw	zero,28(sp)
    34e8:	ca3e                	sw	a5,20(sp)
    34ea:	cc02                	sw	zero,24(sp)
    34ec:	040109a3          	sb	zero,83(sp)
    34f0:	d482                	sw	zero,104(sp)
    34f2:	00094583          	lbu	a1,0(s2)
    34f6:	4615                	li	a2,5
    34f8:	8556                	mv	a0,s5
    34fa:	272d                	jal	3c24 <memchr>
    34fc:	00190413          	addi	s0,s2,1
    3500:	47c2                	lw	a5,16(sp)
    3502:	e951                	bnez	a0,3596 <_vfiprintf_r+0x150>
    3504:	0107f713          	andi	a4,a5,16
    3508:	c709                	beqz	a4,3512 <_vfiprintf_r+0xcc>
    350a:	02000713          	li	a4,32
    350e:	04e109a3          	sb	a4,83(sp)
    3512:	0087f713          	andi	a4,a5,8
    3516:	c709                	beqz	a4,3520 <_vfiprintf_r+0xda>
    3518:	02b00713          	li	a4,43
    351c:	04e109a3          	sb	a4,83(sp)
    3520:	00094683          	lbu	a3,0(s2)
    3524:	02a00713          	li	a4,42
    3528:	06e68f63          	beq	a3,a4,35a6 <_vfiprintf_r+0x160>
    352c:	47f2                	lw	a5,28(sp)
    352e:	844a                	mv	s0,s2
    3530:	4681                	li	a3,0
    3532:	4625                	li	a2,9
    3534:	2018                	lbu	a4,0(s0)
    3536:	00140593          	addi	a1,s0,1
    353a:	fd070713          	addi	a4,a4,-48 # ffffdfd0 <_eusrstack+0xdfff8fd0>
    353e:	0ae67763          	bgeu	a2,a4,35ec <_vfiprintf_r+0x1a6>
    3542:	cab5                	beqz	a3,35b6 <_vfiprintf_r+0x170>
    3544:	ce3e                	sw	a5,28(sp)
    3546:	a885                	j	35b6 <_vfiprintf_r+0x170>
    3548:	00001797          	auipc	a5,0x1
    354c:	36c78793          	addi	a5,a5,876 # 48b4 <__sf_fake_stdout>
    3550:	00f49563          	bne	s1,a5,355a <_vfiprintf_r+0x114>
    3554:	0089a483          	lw	s1,8(s3)
    3558:	b725                	j	3480 <_vfiprintf_r+0x3a>
    355a:	00001797          	auipc	a5,0x1
    355e:	31a78793          	addi	a5,a5,794 # 4874 <__sf_fake_stderr>
    3562:	f0f49fe3          	bne	s1,a5,3480 <_vfiprintf_r+0x3a>
    3566:	00c9a483          	lw	s1,12(s3)
    356a:	bf19                	j	3480 <_vfiprintf_r+0x3a>
    356c:	85a6                	mv	a1,s1
    356e:	854e                	mv	a0,s3
    3570:	f48ff0ef          	jal	ra,2cb8 <__swsetup_r>
    3574:	d919                	beqz	a0,348a <_vfiprintf_r+0x44>
    3576:	557d                	li	a0,-1
    3578:	40fa                	lw	ra,156(sp)
    357a:	446a                	lw	s0,152(sp)
    357c:	44da                	lw	s1,148(sp)
    357e:	494a                	lw	s2,144(sp)
    3580:	49ba                	lw	s3,140(sp)
    3582:	4a2a                	lw	s4,136(sp)
    3584:	4a9a                	lw	s5,132(sp)
    3586:	4b0a                	lw	s6,128(sp)
    3588:	5bf6                	lw	s7,124(sp)
    358a:	5c66                	lw	s8,120(sp)
    358c:	5cd6                	lw	s9,116(sp)
    358e:	610d                	addi	sp,sp,160
    3590:	8082                	ret
    3592:	0405                	addi	s0,s0,1
    3594:	bf31                	j	34b0 <_vfiprintf_r+0x6a>
    3596:	41550533          	sub	a0,a0,s5
    359a:	00ac1533          	sll	a0,s8,a0
    359e:	8fc9                	or	a5,a5,a0
    35a0:	c83e                	sw	a5,16(sp)
    35a2:	8922                	mv	s2,s0
    35a4:	b7b9                	j	34f2 <_vfiprintf_r+0xac>
    35a6:	4732                	lw	a4,12(sp)
    35a8:	00470693          	addi	a3,a4,4
    35ac:	4318                	lw	a4,0(a4)
    35ae:	c636                	sw	a3,12(sp)
    35b0:	02074763          	bltz	a4,35de <_vfiprintf_r+0x198>
    35b4:	ce3a                	sw	a4,28(sp)
    35b6:	2018                	lbu	a4,0(s0)
    35b8:	02e00793          	li	a5,46
    35bc:	04f71d63          	bne	a4,a5,3616 <_vfiprintf_r+0x1d0>
    35c0:	3018                	lbu	a4,1(s0)
    35c2:	02a00793          	li	a5,42
    35c6:	02f71b63          	bne	a4,a5,35fc <_vfiprintf_r+0x1b6>
    35ca:	47b2                	lw	a5,12(sp)
    35cc:	0409                	addi	s0,s0,2
    35ce:	00478713          	addi	a4,a5,4
    35d2:	439c                	lw	a5,0(a5)
    35d4:	c63a                	sw	a4,12(sp)
    35d6:	0207c163          	bltz	a5,35f8 <_vfiprintf_r+0x1b2>
    35da:	ca3e                	sw	a5,20(sp)
    35dc:	a82d                	j	3616 <_vfiprintf_r+0x1d0>
    35de:	40e00733          	neg	a4,a4
    35e2:	0027e793          	ori	a5,a5,2
    35e6:	ce3a                	sw	a4,28(sp)
    35e8:	c83e                	sw	a5,16(sp)
    35ea:	b7f1                	j	35b6 <_vfiprintf_r+0x170>
    35ec:	036787b3          	mul	a5,a5,s6
    35f0:	4685                	li	a3,1
    35f2:	842e                	mv	s0,a1
    35f4:	97ba                	add	a5,a5,a4
    35f6:	bf3d                	j	3534 <_vfiprintf_r+0xee>
    35f8:	57fd                	li	a5,-1
    35fa:	b7c5                	j	35da <_vfiprintf_r+0x194>
    35fc:	0405                	addi	s0,s0,1
    35fe:	ca02                	sw	zero,20(sp)
    3600:	4681                	li	a3,0
    3602:	4781                	li	a5,0
    3604:	4625                	li	a2,9
    3606:	2018                	lbu	a4,0(s0)
    3608:	00140593          	addi	a1,s0,1
    360c:	fd070713          	addi	a4,a4,-48
    3610:	06e67463          	bgeu	a2,a4,3678 <_vfiprintf_r+0x232>
    3614:	f2f9                	bnez	a3,35da <_vfiprintf_r+0x194>
    3616:	200c                	lbu	a1,0(s0)
    3618:	460d                	li	a2,3
    361a:	00001517          	auipc	a0,0x1
    361e:	2c250513          	addi	a0,a0,706 # 48dc <__sf_fake_stdout+0x28>
    3622:	2509                	jal	3c24 <memchr>
    3624:	cd11                	beqz	a0,3640 <_vfiprintf_r+0x1fa>
    3626:	00001797          	auipc	a5,0x1
    362a:	2b678793          	addi	a5,a5,694 # 48dc <__sf_fake_stdout+0x28>
    362e:	8d1d                	sub	a0,a0,a5
    3630:	04000793          	li	a5,64
    3634:	00a797b3          	sll	a5,a5,a0
    3638:	4542                	lw	a0,16(sp)
    363a:	0405                	addi	s0,s0,1
    363c:	8d5d                	or	a0,a0,a5
    363e:	c82a                	sw	a0,16(sp)
    3640:	200c                	lbu	a1,0(s0)
    3642:	4619                	li	a2,6
    3644:	00001517          	auipc	a0,0x1
    3648:	29c50513          	addi	a0,a0,668 # 48e0 <__sf_fake_stdout+0x2c>
    364c:	00140913          	addi	s2,s0,1
    3650:	02b10423          	sb	a1,40(sp)
    3654:	2bc1                	jal	3c24 <memchr>
    3656:	c135                	beqz	a0,36ba <_vfiprintf_r+0x274>
    3658:	ffffd797          	auipc	a5,0xffffd
    365c:	9a878793          	addi	a5,a5,-1624 # 0 <_sinit>
    3660:	e795                	bnez	a5,368c <_vfiprintf_r+0x246>
    3662:	4742                	lw	a4,16(sp)
    3664:	47b2                	lw	a5,12(sp)
    3666:	10077713          	andi	a4,a4,256
    366a:	cf09                	beqz	a4,3684 <_vfiprintf_r+0x23e>
    366c:	0791                	addi	a5,a5,4
    366e:	c63e                	sw	a5,12(sp)
    3670:	5792                	lw	a5,36(sp)
    3672:	97d2                	add	a5,a5,s4
    3674:	d23e                	sw	a5,36(sp)
    3676:	bd25                	j	34ae <_vfiprintf_r+0x68>
    3678:	036787b3          	mul	a5,a5,s6
    367c:	4685                	li	a3,1
    367e:	842e                	mv	s0,a1
    3680:	97ba                	add	a5,a5,a4
    3682:	b751                	j	3606 <_vfiprintf_r+0x1c0>
    3684:	079d                	addi	a5,a5,7
    3686:	9be1                	andi	a5,a5,-8
    3688:	07a1                	addi	a5,a5,8
    368a:	b7d5                	j	366e <_vfiprintf_r+0x228>
    368c:	0078                	addi	a4,sp,12
    368e:	00000697          	auipc	a3,0x0
    3692:	d7668693          	addi	a3,a3,-650 # 3404 <__sfputs_r>
    3696:	8626                	mv	a2,s1
    3698:	080c                	addi	a1,sp,16
    369a:	854e                	mv	a0,s3
    369c:	00000097          	auipc	ra,0x0
    36a0:	000000e7          	jalr	zero # 0 <_sinit>
    36a4:	57fd                	li	a5,-1
    36a6:	8a2a                	mv	s4,a0
    36a8:	fcf514e3          	bne	a0,a5,3670 <_vfiprintf_r+0x22a>
    36ac:	24de                	lhu	a5,12(s1)
    36ae:	0407f793          	andi	a5,a5,64
    36b2:	ec0792e3          	bnez	a5,3576 <_vfiprintf_r+0x130>
    36b6:	5512                	lw	a0,36(sp)
    36b8:	b5c1                	j	3578 <_vfiprintf_r+0x132>
    36ba:	0078                	addi	a4,sp,12
    36bc:	00000697          	auipc	a3,0x0
    36c0:	d4868693          	addi	a3,a3,-696 # 3404 <__sfputs_r>
    36c4:	8626                	mv	a2,s1
    36c6:	080c                	addi	a1,sp,16
    36c8:	854e                	mv	a0,s3
    36ca:	2a01                	jal	37da <_printf_i>
    36cc:	bfe1                	j	36a4 <_vfiprintf_r+0x25e>

000036ce <_printf_common>:
    36ce:	7179                	addi	sp,sp,-48
    36d0:	ca56                	sw	s5,20(sp)
    36d2:	499c                	lw	a5,16(a1)
    36d4:	8aba                	mv	s5,a4
    36d6:	4598                	lw	a4,8(a1)
    36d8:	d422                	sw	s0,40(sp)
    36da:	d226                	sw	s1,36(sp)
    36dc:	ce4e                	sw	s3,28(sp)
    36de:	cc52                	sw	s4,24(sp)
    36e0:	d606                	sw	ra,44(sp)
    36e2:	d04a                	sw	s2,32(sp)
    36e4:	c85a                	sw	s6,16(sp)
    36e6:	c65e                	sw	s7,12(sp)
    36e8:	89aa                	mv	s3,a0
    36ea:	842e                	mv	s0,a1
    36ec:	84b2                	mv	s1,a2
    36ee:	8a36                	mv	s4,a3
    36f0:	00e7d363          	bge	a5,a4,36f6 <_printf_common+0x28>
    36f4:	87ba                	mv	a5,a4
    36f6:	c09c                	sw	a5,0(s1)
    36f8:	04344703          	lbu	a4,67(s0)
    36fc:	c319                	beqz	a4,3702 <_printf_common+0x34>
    36fe:	0785                	addi	a5,a5,1
    3700:	c09c                	sw	a5,0(s1)
    3702:	401c                	lw	a5,0(s0)
    3704:	0207f793          	andi	a5,a5,32
    3708:	c781                	beqz	a5,3710 <_printf_common+0x42>
    370a:	409c                	lw	a5,0(s1)
    370c:	0789                	addi	a5,a5,2
    370e:	c09c                	sw	a5,0(s1)
    3710:	00042903          	lw	s2,0(s0)
    3714:	00697913          	andi	s2,s2,6
    3718:	00091a63          	bnez	s2,372c <_printf_common+0x5e>
    371c:	01940b13          	addi	s6,s0,25
    3720:	5bfd                	li	s7,-1
    3722:	445c                	lw	a5,12(s0)
    3724:	4098                	lw	a4,0(s1)
    3726:	8f99                	sub	a5,a5,a4
    3728:	04f94c63          	blt	s2,a5,3780 <_printf_common+0xb2>
    372c:	401c                	lw	a5,0(s0)
    372e:	04344683          	lbu	a3,67(s0)
    3732:	0207f793          	andi	a5,a5,32
    3736:	00d036b3          	snez	a3,a3
    373a:	eba5                	bnez	a5,37aa <_printf_common+0xdc>
    373c:	04340613          	addi	a2,s0,67
    3740:	85d2                	mv	a1,s4
    3742:	854e                	mv	a0,s3
    3744:	9a82                	jalr	s5
    3746:	57fd                	li	a5,-1
    3748:	04f50363          	beq	a0,a5,378e <_printf_common+0xc0>
    374c:	401c                	lw	a5,0(s0)
    374e:	4611                	li	a2,4
    3750:	4098                	lw	a4,0(s1)
    3752:	8b99                	andi	a5,a5,6
    3754:	4454                	lw	a3,12(s0)
    3756:	4481                	li	s1,0
    3758:	00c79763          	bne	a5,a2,3766 <_printf_common+0x98>
    375c:	40e684b3          	sub	s1,a3,a4
    3760:	0004d363          	bgez	s1,3766 <_printf_common+0x98>
    3764:	4481                	li	s1,0
    3766:	441c                	lw	a5,8(s0)
    3768:	4818                	lw	a4,16(s0)
    376a:	00f75463          	bge	a4,a5,3772 <_printf_common+0xa4>
    376e:	8f99                	sub	a5,a5,a4
    3770:	94be                	add	s1,s1,a5
    3772:	4901                	li	s2,0
    3774:	0469                	addi	s0,s0,26
    3776:	5b7d                	li	s6,-1
    3778:	05249863          	bne	s1,s2,37c8 <_printf_common+0xfa>
    377c:	4501                	li	a0,0
    377e:	a809                	j	3790 <_printf_common+0xc2>
    3780:	4685                	li	a3,1
    3782:	865a                	mv	a2,s6
    3784:	85d2                	mv	a1,s4
    3786:	854e                	mv	a0,s3
    3788:	9a82                	jalr	s5
    378a:	01751e63          	bne	a0,s7,37a6 <_printf_common+0xd8>
    378e:	557d                	li	a0,-1
    3790:	50b2                	lw	ra,44(sp)
    3792:	5422                	lw	s0,40(sp)
    3794:	5492                	lw	s1,36(sp)
    3796:	5902                	lw	s2,32(sp)
    3798:	49f2                	lw	s3,28(sp)
    379a:	4a62                	lw	s4,24(sp)
    379c:	4ad2                	lw	s5,20(sp)
    379e:	4b42                	lw	s6,16(sp)
    37a0:	4bb2                	lw	s7,12(sp)
    37a2:	6145                	addi	sp,sp,48
    37a4:	8082                	ret
    37a6:	0905                	addi	s2,s2,1
    37a8:	bfad                	j	3722 <_printf_common+0x54>
    37aa:	00d40733          	add	a4,s0,a3
    37ae:	03000613          	li	a2,48
    37b2:	04c701a3          	sb	a2,67(a4)
    37b6:	04544703          	lbu	a4,69(s0)
    37ba:	00168793          	addi	a5,a3,1
    37be:	97a2                	add	a5,a5,s0
    37c0:	0689                	addi	a3,a3,2
    37c2:	04e781a3          	sb	a4,67(a5)
    37c6:	bf9d                	j	373c <_printf_common+0x6e>
    37c8:	4685                	li	a3,1
    37ca:	8622                	mv	a2,s0
    37cc:	85d2                	mv	a1,s4
    37ce:	854e                	mv	a0,s3
    37d0:	9a82                	jalr	s5
    37d2:	fb650ee3          	beq	a0,s6,378e <_printf_common+0xc0>
    37d6:	0905                	addi	s2,s2,1
    37d8:	b745                	j	3778 <_printf_common+0xaa>

000037da <_printf_i>:
    37da:	7179                	addi	sp,sp,-48
    37dc:	d422                	sw	s0,40(sp)
    37de:	d226                	sw	s1,36(sp)
    37e0:	d04a                	sw	s2,32(sp)
    37e2:	ce4e                	sw	s3,28(sp)
    37e4:	d606                	sw	ra,44(sp)
    37e6:	cc52                	sw	s4,24(sp)
    37e8:	ca56                	sw	s5,20(sp)
    37ea:	c85a                	sw	s6,16(sp)
    37ec:	89b6                	mv	s3,a3
    37ee:	2d94                	lbu	a3,24(a1)
    37f0:	06900793          	li	a5,105
    37f4:	8932                	mv	s2,a2
    37f6:	84aa                	mv	s1,a0
    37f8:	842e                	mv	s0,a1
    37fa:	04358613          	addi	a2,a1,67
    37fe:	02f68d63          	beq	a3,a5,3838 <_printf_i+0x5e>
    3802:	06d7e263          	bltu	a5,a3,3866 <_printf_i+0x8c>
    3806:	05800793          	li	a5,88
    380a:	18f68663          	beq	a3,a5,3996 <_printf_i+0x1bc>
    380e:	00d7ed63          	bltu	a5,a3,3828 <_printf_i+0x4e>
    3812:	20068e63          	beqz	a3,3a2e <_printf_i+0x254>
    3816:	04300793          	li	a5,67
    381a:	0af68e63          	beq	a3,a5,38d6 <_printf_i+0xfc>
    381e:	04240a93          	addi	s5,s0,66
    3822:	04d40123          	sb	a3,66(s0)
    3826:	a0c9                	j	38e8 <_printf_i+0x10e>
    3828:	06300793          	li	a5,99
    382c:	0af68563          	beq	a3,a5,38d6 <_printf_i+0xfc>
    3830:	06400793          	li	a5,100
    3834:	fef695e3          	bne	a3,a5,381e <_printf_i+0x44>
    3838:	401c                	lw	a5,0(s0)
    383a:	4308                	lw	a0,0(a4)
    383c:	0807f693          	andi	a3,a5,128
    3840:	00450593          	addi	a1,a0,4
    3844:	c6c5                	beqz	a3,38ec <_printf_i+0x112>
    3846:	411c                	lw	a5,0(a0)
    3848:	c30c                	sw	a1,0(a4)
    384a:	0007d863          	bgez	a5,385a <_printf_i+0x80>
    384e:	02d00713          	li	a4,45
    3852:	40f007b3          	neg	a5,a5
    3856:	04e401a3          	sb	a4,67(s0)
    385a:	00001697          	auipc	a3,0x1
    385e:	08e68693          	addi	a3,a3,142 # 48e8 <__sf_fake_stdout+0x34>
    3862:	4729                	li	a4,10
    3864:	a865                	j	391c <_printf_i+0x142>
    3866:	07000793          	li	a5,112
    386a:	16f68263          	beq	a3,a5,39ce <_printf_i+0x1f4>
    386e:	02d7e563          	bltu	a5,a3,3898 <_printf_i+0xbe>
    3872:	06e00793          	li	a5,110
    3876:	18f68963          	beq	a3,a5,3a08 <_printf_i+0x22e>
    387a:	06f00793          	li	a5,111
    387e:	faf690e3          	bne	a3,a5,381e <_printf_i+0x44>
    3882:	400c                	lw	a1,0(s0)
    3884:	431c                	lw	a5,0(a4)
    3886:	0805f813          	andi	a6,a1,128
    388a:	00478513          	addi	a0,a5,4
    388e:	06080763          	beqz	a6,38fc <_printf_i+0x122>
    3892:	c308                	sw	a0,0(a4)
    3894:	439c                	lw	a5,0(a5)
    3896:	a885                	j	3906 <_printf_i+0x12c>
    3898:	07500793          	li	a5,117
    389c:	fef683e3          	beq	a3,a5,3882 <_printf_i+0xa8>
    38a0:	07800793          	li	a5,120
    38a4:	12f68963          	beq	a3,a5,39d6 <_printf_i+0x1fc>
    38a8:	07300793          	li	a5,115
    38ac:	f6f699e3          	bne	a3,a5,381e <_printf_i+0x44>
    38b0:	431c                	lw	a5,0(a4)
    38b2:	41d0                	lw	a2,4(a1)
    38b4:	4581                	li	a1,0
    38b6:	00478693          	addi	a3,a5,4
    38ba:	c314                	sw	a3,0(a4)
    38bc:	0007aa83          	lw	s5,0(a5)
    38c0:	8556                	mv	a0,s5
    38c2:	268d                	jal	3c24 <memchr>
    38c4:	c501                	beqz	a0,38cc <_printf_i+0xf2>
    38c6:	41550533          	sub	a0,a0,s5
    38ca:	c048                	sw	a0,4(s0)
    38cc:	405c                	lw	a5,4(s0)
    38ce:	c81c                	sw	a5,16(s0)
    38d0:	040401a3          	sb	zero,67(s0)
    38d4:	a861                	j	396c <_printf_i+0x192>
    38d6:	431c                	lw	a5,0(a4)
    38d8:	04240a93          	addi	s5,s0,66
    38dc:	00478693          	addi	a3,a5,4
    38e0:	439c                	lw	a5,0(a5)
    38e2:	c314                	sw	a3,0(a4)
    38e4:	04f40123          	sb	a5,66(s0)
    38e8:	4785                	li	a5,1
    38ea:	b7d5                	j	38ce <_printf_i+0xf4>
    38ec:	0407f693          	andi	a3,a5,64
    38f0:	411c                	lw	a5,0(a0)
    38f2:	c30c                	sw	a1,0(a4)
    38f4:	dab9                	beqz	a3,384a <_printf_i+0x70>
    38f6:	07c2                	slli	a5,a5,0x10
    38f8:	87c1                	srai	a5,a5,0x10
    38fa:	bf81                	j	384a <_printf_i+0x70>
    38fc:	0405f593          	andi	a1,a1,64
    3900:	c308                	sw	a0,0(a4)
    3902:	d9c9                	beqz	a1,3894 <_printf_i+0xba>
    3904:	239e                	lhu	a5,0(a5)
    3906:	06f00713          	li	a4,111
    390a:	0ee68763          	beq	a3,a4,39f8 <_printf_i+0x21e>
    390e:	00001697          	auipc	a3,0x1
    3912:	fda68693          	addi	a3,a3,-38 # 48e8 <__sf_fake_stdout+0x34>
    3916:	4729                	li	a4,10
    3918:	040401a3          	sb	zero,67(s0)
    391c:	404c                	lw	a1,4(s0)
    391e:	c40c                	sw	a1,8(s0)
    3920:	0005c563          	bltz	a1,392a <_printf_i+0x150>
    3924:	4008                	lw	a0,0(s0)
    3926:	996d                	andi	a0,a0,-5
    3928:	c008                	sw	a0,0(s0)
    392a:	e399                	bnez	a5,3930 <_printf_i+0x156>
    392c:	8ab2                	mv	s5,a2
    392e:	cd89                	beqz	a1,3948 <_printf_i+0x16e>
    3930:	8ab2                	mv	s5,a2
    3932:	02e7f5b3          	remu	a1,a5,a4
    3936:	1afd                	addi	s5,s5,-1
    3938:	95b6                	add	a1,a1,a3
    393a:	218c                	lbu	a1,0(a1)
    393c:	00ba8023          	sb	a1,0(s5)
    3940:	02e7d5b3          	divu	a1,a5,a4
    3944:	0ce7f063          	bgeu	a5,a4,3a04 <_printf_i+0x22a>
    3948:	47a1                	li	a5,8
    394a:	00f71e63          	bne	a4,a5,3966 <_printf_i+0x18c>
    394e:	401c                	lw	a5,0(s0)
    3950:	8b85                	andi	a5,a5,1
    3952:	cb91                	beqz	a5,3966 <_printf_i+0x18c>
    3954:	4058                	lw	a4,4(s0)
    3956:	481c                	lw	a5,16(s0)
    3958:	00e7c763          	blt	a5,a4,3966 <_printf_i+0x18c>
    395c:	03000793          	li	a5,48
    3960:	fefa8fa3          	sb	a5,-1(s5)
    3964:	1afd                	addi	s5,s5,-1
    3966:	41560633          	sub	a2,a2,s5
    396a:	c810                	sw	a2,16(s0)
    396c:	874e                	mv	a4,s3
    396e:	86ca                	mv	a3,s2
    3970:	0070                	addi	a2,sp,12
    3972:	85a2                	mv	a1,s0
    3974:	8526                	mv	a0,s1
    3976:	d59ff0ef          	jal	ra,36ce <_printf_common>
    397a:	5a7d                	li	s4,-1
    397c:	0b451d63          	bne	a0,s4,3a36 <_printf_i+0x25c>
    3980:	557d                	li	a0,-1
    3982:	50b2                	lw	ra,44(sp)
    3984:	5422                	lw	s0,40(sp)
    3986:	5492                	lw	s1,36(sp)
    3988:	5902                	lw	s2,32(sp)
    398a:	49f2                	lw	s3,28(sp)
    398c:	4a62                	lw	s4,24(sp)
    398e:	4ad2                	lw	s5,20(sp)
    3990:	4b42                	lw	s6,16(sp)
    3992:	6145                	addi	sp,sp,48
    3994:	8082                	ret
    3996:	04d582a3          	sb	a3,69(a1)
    399a:	00001697          	auipc	a3,0x1
    399e:	f4e68693          	addi	a3,a3,-178 # 48e8 <__sf_fake_stdout+0x34>
    39a2:	400c                	lw	a1,0(s0)
    39a4:	4308                	lw	a0,0(a4)
    39a6:	0805f813          	andi	a6,a1,128
    39aa:	411c                	lw	a5,0(a0)
    39ac:	0511                	addi	a0,a0,4
    39ae:	02080d63          	beqz	a6,39e8 <_printf_i+0x20e>
    39b2:	c308                	sw	a0,0(a4)
    39b4:	0015f713          	andi	a4,a1,1
    39b8:	c701                	beqz	a4,39c0 <_printf_i+0x1e6>
    39ba:	0205e593          	ori	a1,a1,32
    39be:	c00c                	sw	a1,0(s0)
    39c0:	4741                	li	a4,16
    39c2:	fbb9                	bnez	a5,3918 <_printf_i+0x13e>
    39c4:	400c                	lw	a1,0(s0)
    39c6:	fdf5f593          	andi	a1,a1,-33
    39ca:	c00c                	sw	a1,0(s0)
    39cc:	b7b1                	j	3918 <_printf_i+0x13e>
    39ce:	419c                	lw	a5,0(a1)
    39d0:	0207e793          	ori	a5,a5,32
    39d4:	c19c                	sw	a5,0(a1)
    39d6:	07800793          	li	a5,120
    39da:	04f402a3          	sb	a5,69(s0)
    39de:	00001697          	auipc	a3,0x1
    39e2:	f1e68693          	addi	a3,a3,-226 # 48fc <__sf_fake_stdout+0x48>
    39e6:	bf75                	j	39a2 <_printf_i+0x1c8>
    39e8:	0405f813          	andi	a6,a1,64
    39ec:	c308                	sw	a0,0(a4)
    39ee:	fc0803e3          	beqz	a6,39b4 <_printf_i+0x1da>
    39f2:	07c2                	slli	a5,a5,0x10
    39f4:	83c1                	srli	a5,a5,0x10
    39f6:	bf7d                	j	39b4 <_printf_i+0x1da>
    39f8:	00001697          	auipc	a3,0x1
    39fc:	ef068693          	addi	a3,a3,-272 # 48e8 <__sf_fake_stdout+0x34>
    3a00:	4721                	li	a4,8
    3a02:	bf19                	j	3918 <_printf_i+0x13e>
    3a04:	87ae                	mv	a5,a1
    3a06:	b735                	j	3932 <_printf_i+0x158>
    3a08:	4194                	lw	a3,0(a1)
    3a0a:	431c                	lw	a5,0(a4)
    3a0c:	49cc                	lw	a1,20(a1)
    3a0e:	0806f813          	andi	a6,a3,128
    3a12:	00478513          	addi	a0,a5,4
    3a16:	00080663          	beqz	a6,3a22 <_printf_i+0x248>
    3a1a:	c308                	sw	a0,0(a4)
    3a1c:	439c                	lw	a5,0(a5)
    3a1e:	c38c                	sw	a1,0(a5)
    3a20:	a039                	j	3a2e <_printf_i+0x254>
    3a22:	c308                	sw	a0,0(a4)
    3a24:	0406f693          	andi	a3,a3,64
    3a28:	439c                	lw	a5,0(a5)
    3a2a:	daf5                	beqz	a3,3a1e <_printf_i+0x244>
    3a2c:	a38e                	sh	a1,0(a5)
    3a2e:	00042823          	sw	zero,16(s0)
    3a32:	8ab2                	mv	s5,a2
    3a34:	bf25                	j	396c <_printf_i+0x192>
    3a36:	4814                	lw	a3,16(s0)
    3a38:	8656                	mv	a2,s5
    3a3a:	85ca                	mv	a1,s2
    3a3c:	8526                	mv	a0,s1
    3a3e:	9982                	jalr	s3
    3a40:	f54500e3          	beq	a0,s4,3980 <_printf_i+0x1a6>
    3a44:	401c                	lw	a5,0(s0)
    3a46:	8b89                	andi	a5,a5,2
    3a48:	e78d                	bnez	a5,3a72 <_printf_i+0x298>
    3a4a:	47b2                	lw	a5,12(sp)
    3a4c:	4448                	lw	a0,12(s0)
    3a4e:	f2f55ae3          	bge	a0,a5,3982 <_printf_i+0x1a8>
    3a52:	853e                	mv	a0,a5
    3a54:	b73d                	j	3982 <_printf_i+0x1a8>
    3a56:	4685                	li	a3,1
    3a58:	8656                	mv	a2,s5
    3a5a:	85ca                	mv	a1,s2
    3a5c:	8526                	mv	a0,s1
    3a5e:	9982                	jalr	s3
    3a60:	f36500e3          	beq	a0,s6,3980 <_printf_i+0x1a6>
    3a64:	0a05                	addi	s4,s4,1
    3a66:	445c                	lw	a5,12(s0)
    3a68:	4732                	lw	a4,12(sp)
    3a6a:	8f99                	sub	a5,a5,a4
    3a6c:	fefa45e3          	blt	s4,a5,3a56 <_printf_i+0x27c>
    3a70:	bfe9                	j	3a4a <_printf_i+0x270>
    3a72:	4a01                	li	s4,0
    3a74:	01940a93          	addi	s5,s0,25
    3a78:	5b7d                	li	s6,-1
    3a7a:	b7f5                	j	3a66 <_printf_i+0x28c>

00003a7c <_sbrk_r>:
    3a7c:	1141                	addi	sp,sp,-16
    3a7e:	c422                	sw	s0,8(sp)
    3a80:	842a                	mv	s0,a0
    3a82:	852e                	mv	a0,a1
    3a84:	ca01ac23          	sw	zero,-840(gp) # 200006a8 <errno>
    3a88:	c606                	sw	ra,12(sp)
    3a8a:	9f5fe0ef          	jal	ra,247e <_sbrk>
    3a8e:	57fd                	li	a5,-1
    3a90:	00f51763          	bne	a0,a5,3a9e <_sbrk_r+0x22>
    3a94:	cb818793          	addi	a5,gp,-840 # 200006a8 <errno>
    3a98:	439c                	lw	a5,0(a5)
    3a9a:	c391                	beqz	a5,3a9e <_sbrk_r+0x22>
    3a9c:	c01c                	sw	a5,0(s0)
    3a9e:	40b2                	lw	ra,12(sp)
    3aa0:	4422                	lw	s0,8(sp)
    3aa2:	0141                	addi	sp,sp,16
    3aa4:	8082                	ret

00003aa6 <__sread>:
    3aa6:	1141                	addi	sp,sp,-16
    3aa8:	c422                	sw	s0,8(sp)
    3aaa:	842e                	mv	s0,a1
    3aac:	00e59583          	lh	a1,14(a1)
    3ab0:	c606                	sw	ra,12(sp)
    3ab2:	2279                	jal	3c40 <_read_r>
    3ab4:	00054963          	bltz	a0,3ac6 <__sread+0x20>
    3ab8:	487c                	lw	a5,84(s0)
    3aba:	97aa                	add	a5,a5,a0
    3abc:	c87c                	sw	a5,84(s0)
    3abe:	40b2                	lw	ra,12(sp)
    3ac0:	4422                	lw	s0,8(sp)
    3ac2:	0141                	addi	sp,sp,16
    3ac4:	8082                	ret
    3ac6:	245e                	lhu	a5,12(s0)
    3ac8:	777d                	lui	a4,0xfffff
    3aca:	177d                	addi	a4,a4,-1
    3acc:	8ff9                	and	a5,a5,a4
    3ace:	a45e                	sh	a5,12(s0)
    3ad0:	b7fd                	j	3abe <__sread+0x18>

00003ad2 <__swrite>:
    3ad2:	25de                	lhu	a5,12(a1)
    3ad4:	1101                	addi	sp,sp,-32
    3ad6:	cc22                	sw	s0,24(sp)
    3ad8:	ca26                	sw	s1,20(sp)
    3ada:	c84a                	sw	s2,16(sp)
    3adc:	c64e                	sw	s3,12(sp)
    3ade:	ce06                	sw	ra,28(sp)
    3ae0:	1007f793          	andi	a5,a5,256
    3ae4:	84aa                	mv	s1,a0
    3ae6:	842e                	mv	s0,a1
    3ae8:	8932                	mv	s2,a2
    3aea:	89b6                	mv	s3,a3
    3aec:	c791                	beqz	a5,3af8 <__swrite+0x26>
    3aee:	00e59583          	lh	a1,14(a1)
    3af2:	4689                	li	a3,2
    3af4:	4601                	li	a2,0
    3af6:	2209                	jal	3bf8 <_lseek_r>
    3af8:	245e                	lhu	a5,12(s0)
    3afa:	777d                	lui	a4,0xfffff
    3afc:	177d                	addi	a4,a4,-1
    3afe:	8ff9                	and	a5,a5,a4
    3b00:	a45e                	sh	a5,12(s0)
    3b02:	00e41583          	lh	a1,14(s0)
    3b06:	4462                	lw	s0,24(sp)
    3b08:	40f2                	lw	ra,28(sp)
    3b0a:	86ce                	mv	a3,s3
    3b0c:	864a                	mv	a2,s2
    3b0e:	49b2                	lw	s3,12(sp)
    3b10:	4942                	lw	s2,16(sp)
    3b12:	8526                	mv	a0,s1
    3b14:	44d2                	lw	s1,20(sp)
    3b16:	6105                	addi	sp,sp,32
    3b18:	a825                	j	3b50 <_write_r>

00003b1a <__sseek>:
    3b1a:	1141                	addi	sp,sp,-16
    3b1c:	c422                	sw	s0,8(sp)
    3b1e:	842e                	mv	s0,a1
    3b20:	00e59583          	lh	a1,14(a1)
    3b24:	c606                	sw	ra,12(sp)
    3b26:	28c9                	jal	3bf8 <_lseek_r>
    3b28:	57fd                	li	a5,-1
    3b2a:	245a                	lhu	a4,12(s0)
    3b2c:	00f51a63          	bne	a0,a5,3b40 <__sseek+0x26>
    3b30:	77fd                	lui	a5,0xfffff
    3b32:	17fd                	addi	a5,a5,-1
    3b34:	8ff9                	and	a5,a5,a4
    3b36:	a45e                	sh	a5,12(s0)
    3b38:	40b2                	lw	ra,12(sp)
    3b3a:	4422                	lw	s0,8(sp)
    3b3c:	0141                	addi	sp,sp,16
    3b3e:	8082                	ret
    3b40:	6785                	lui	a5,0x1
    3b42:	8fd9                	or	a5,a5,a4
    3b44:	a45e                	sh	a5,12(s0)
    3b46:	c868                	sw	a0,84(s0)
    3b48:	bfc5                	j	3b38 <__sseek+0x1e>

00003b4a <__sclose>:
    3b4a:	00e59583          	lh	a1,14(a1)
    3b4e:	a805                	j	3b7e <_close_r>

00003b50 <_write_r>:
    3b50:	1141                	addi	sp,sp,-16
    3b52:	c422                	sw	s0,8(sp)
    3b54:	842a                	mv	s0,a0
    3b56:	852e                	mv	a0,a1
    3b58:	85b2                	mv	a1,a2
    3b5a:	8636                	mv	a2,a3
    3b5c:	ca01ac23          	sw	zero,-840(gp) # 200006a8 <errno>
    3b60:	c606                	sw	ra,12(sp)
    3b62:	8d7fe0ef          	jal	ra,2438 <_write>
    3b66:	57fd                	li	a5,-1
    3b68:	00f51763          	bne	a0,a5,3b76 <_write_r+0x26>
    3b6c:	cb818793          	addi	a5,gp,-840 # 200006a8 <errno>
    3b70:	439c                	lw	a5,0(a5)
    3b72:	c391                	beqz	a5,3b76 <_write_r+0x26>
    3b74:	c01c                	sw	a5,0(s0)
    3b76:	40b2                	lw	ra,12(sp)
    3b78:	4422                	lw	s0,8(sp)
    3b7a:	0141                	addi	sp,sp,16
    3b7c:	8082                	ret

00003b7e <_close_r>:
    3b7e:	1141                	addi	sp,sp,-16
    3b80:	c422                	sw	s0,8(sp)
    3b82:	842a                	mv	s0,a0
    3b84:	852e                	mv	a0,a1
    3b86:	ca01ac23          	sw	zero,-840(gp) # 200006a8 <errno>
    3b8a:	c606                	sw	ra,12(sp)
    3b8c:	20c5                	jal	3c6c <_close>
    3b8e:	57fd                	li	a5,-1
    3b90:	00f51763          	bne	a0,a5,3b9e <_close_r+0x20>
    3b94:	cb818793          	addi	a5,gp,-840 # 200006a8 <errno>
    3b98:	439c                	lw	a5,0(a5)
    3b9a:	c391                	beqz	a5,3b9e <_close_r+0x20>
    3b9c:	c01c                	sw	a5,0(s0)
    3b9e:	40b2                	lw	ra,12(sp)
    3ba0:	4422                	lw	s0,8(sp)
    3ba2:	0141                	addi	sp,sp,16
    3ba4:	8082                	ret

00003ba6 <_fstat_r>:
    3ba6:	1141                	addi	sp,sp,-16
    3ba8:	c422                	sw	s0,8(sp)
    3baa:	842a                	mv	s0,a0
    3bac:	852e                	mv	a0,a1
    3bae:	85b2                	mv	a1,a2
    3bb0:	ca01ac23          	sw	zero,-840(gp) # 200006a8 <errno>
    3bb4:	c606                	sw	ra,12(sp)
    3bb6:	20c9                	jal	3c78 <_fstat>
    3bb8:	57fd                	li	a5,-1
    3bba:	00f51763          	bne	a0,a5,3bc8 <_fstat_r+0x22>
    3bbe:	cb818793          	addi	a5,gp,-840 # 200006a8 <errno>
    3bc2:	439c                	lw	a5,0(a5)
    3bc4:	c391                	beqz	a5,3bc8 <_fstat_r+0x22>
    3bc6:	c01c                	sw	a5,0(s0)
    3bc8:	40b2                	lw	ra,12(sp)
    3bca:	4422                	lw	s0,8(sp)
    3bcc:	0141                	addi	sp,sp,16
    3bce:	8082                	ret

00003bd0 <_isatty_r>:
    3bd0:	1141                	addi	sp,sp,-16
    3bd2:	c422                	sw	s0,8(sp)
    3bd4:	842a                	mv	s0,a0
    3bd6:	852e                	mv	a0,a1
    3bd8:	ca01ac23          	sw	zero,-840(gp) # 200006a8 <errno>
    3bdc:	c606                	sw	ra,12(sp)
    3bde:	205d                	jal	3c84 <_isatty>
    3be0:	57fd                	li	a5,-1
    3be2:	00f51763          	bne	a0,a5,3bf0 <_isatty_r+0x20>
    3be6:	cb818793          	addi	a5,gp,-840 # 200006a8 <errno>
    3bea:	439c                	lw	a5,0(a5)
    3bec:	c391                	beqz	a5,3bf0 <_isatty_r+0x20>
    3bee:	c01c                	sw	a5,0(s0)
    3bf0:	40b2                	lw	ra,12(sp)
    3bf2:	4422                	lw	s0,8(sp)
    3bf4:	0141                	addi	sp,sp,16
    3bf6:	8082                	ret

00003bf8 <_lseek_r>:
    3bf8:	1141                	addi	sp,sp,-16
    3bfa:	c422                	sw	s0,8(sp)
    3bfc:	842a                	mv	s0,a0
    3bfe:	852e                	mv	a0,a1
    3c00:	85b2                	mv	a1,a2
    3c02:	8636                	mv	a2,a3
    3c04:	ca01ac23          	sw	zero,-840(gp) # 200006a8 <errno>
    3c08:	c606                	sw	ra,12(sp)
    3c0a:	2059                	jal	3c90 <_lseek>
    3c0c:	57fd                	li	a5,-1
    3c0e:	00f51763          	bne	a0,a5,3c1c <_lseek_r+0x24>
    3c12:	cb818793          	addi	a5,gp,-840 # 200006a8 <errno>
    3c16:	439c                	lw	a5,0(a5)
    3c18:	c391                	beqz	a5,3c1c <_lseek_r+0x24>
    3c1a:	c01c                	sw	a5,0(s0)
    3c1c:	40b2                	lw	ra,12(sp)
    3c1e:	4422                	lw	s0,8(sp)
    3c20:	0141                	addi	sp,sp,16
    3c22:	8082                	ret

00003c24 <memchr>:
    3c24:	0ff5f593          	andi	a1,a1,255
    3c28:	962a                	add	a2,a2,a0
    3c2a:	00c51463          	bne	a0,a2,3c32 <memchr+0xe>
    3c2e:	4501                	li	a0,0
    3c30:	8082                	ret
    3c32:	211c                	lbu	a5,0(a0)
    3c34:	feb78ee3          	beq	a5,a1,3c30 <memchr+0xc>
    3c38:	0505                	addi	a0,a0,1
    3c3a:	bfc5                	j	3c2a <memchr+0x6>

00003c3c <__malloc_lock>:
    3c3c:	8082                	ret

00003c3e <__malloc_unlock>:
    3c3e:	8082                	ret

00003c40 <_read_r>:
    3c40:	1141                	addi	sp,sp,-16
    3c42:	c422                	sw	s0,8(sp)
    3c44:	842a                	mv	s0,a0
    3c46:	852e                	mv	a0,a1
    3c48:	85b2                	mv	a1,a2
    3c4a:	8636                	mv	a2,a3
    3c4c:	ca01ac23          	sw	zero,-840(gp) # 200006a8 <errno>
    3c50:	c606                	sw	ra,12(sp)
    3c52:	20a9                	jal	3c9c <_read>
    3c54:	57fd                	li	a5,-1
    3c56:	00f51763          	bne	a0,a5,3c64 <_read_r+0x24>
    3c5a:	cb818793          	addi	a5,gp,-840 # 200006a8 <errno>
    3c5e:	439c                	lw	a5,0(a5)
    3c60:	c391                	beqz	a5,3c64 <_read_r+0x24>
    3c62:	c01c                	sw	a5,0(s0)
    3c64:	40b2                	lw	ra,12(sp)
    3c66:	4422                	lw	s0,8(sp)
    3c68:	0141                	addi	sp,sp,16
    3c6a:	8082                	ret

00003c6c <_close>:
    3c6c:	05800793          	li	a5,88
    3c70:	caf1ac23          	sw	a5,-840(gp) # 200006a8 <errno>
    3c74:	557d                	li	a0,-1
    3c76:	8082                	ret

00003c78 <_fstat>:
    3c78:	05800793          	li	a5,88
    3c7c:	caf1ac23          	sw	a5,-840(gp) # 200006a8 <errno>
    3c80:	557d                	li	a0,-1
    3c82:	8082                	ret

00003c84 <_isatty>:
    3c84:	05800793          	li	a5,88
    3c88:	caf1ac23          	sw	a5,-840(gp) # 200006a8 <errno>
    3c8c:	4501                	li	a0,0
    3c8e:	8082                	ret

00003c90 <_lseek>:
    3c90:	05800793          	li	a5,88
    3c94:	caf1ac23          	sw	a5,-840(gp) # 200006a8 <errno>
    3c98:	557d                	li	a0,-1
    3c9a:	8082                	ret

00003c9c <_read>:
    3c9c:	05800793          	li	a5,88
    3ca0:	caf1ac23          	sw	a5,-840(gp) # 200006a8 <errno>
    3ca4:	557d                	li	a0,-1
    3ca6:	8082                	ret
    3ca8:	4548                	lw	a0,12(a0)
    3caa:	504c                	lw	a1,36(s0)
    3cac:	0000                	unimp
    3cae:	0000                	unimp
    3cb0:	0a0d                	addi	s4,s4,3
    3cb2:	3d3d                	jal	3af0 <__swrite+0x1e>
    3cb4:	203d                	jal	3ce2 <_read+0x46>
    3cb6:	32334843          	fmadd.d	fa6,ft6,ft3,ft6,rmm
    3cba:	3256                	lhu	a3,36(a2)
    3cbc:	3330                	lbu	a2,3(a4)
    3cbe:	5420                	lw	s0,104(s0)
    3cc0:	6361                	lui	t1,0x18
    3cc2:	6974                	flw	fa3,84(a0)
    3cc4:	206c6163          	bltu	s8,t1,3ec6 <_read+0x22a>
    3cc8:	204c4d57          	0x204c4d57
    3ccc:	6544                	flw	fs1,12(a0)
    3cce:	7562                	flw	fa0,56(sp)
    3cd0:	4c432067          	0x4c432067
    3cd4:	2049                	jal	3d56 <_read+0xba>
    3cd6:	3d3d                	jal	3b14 <__swrite+0x42>
    3cd8:	0d3d                	addi	s10,s10,15
    3cda:	0000                	unimp
    3cdc:	54415453          	0x54415453
    3ce0:	5355                	li	t1,-11
    3ce2:	2020                	lbu	s0,2(s0)
    3ce4:	2020                	lbu	s0,2(s0)
    3ce6:	2020                	lbu	s0,2(s0)
    3ce8:	2020                	lbu	s0,2(s0)
    3cea:	2020                	lbu	s0,2(s0)
    3cec:	2020                	lbu	s0,2(s0)
    3cee:	202d                	jal	3d18 <_read+0x7c>
    3cf0:	7551                	lui	a0,0xffff4
    3cf2:	7265                	lui	tp,0xffff9
    3cf4:	2079                	jal	3d82 <_read+0xe6>
    3cf6:	74737973          	csrrci	s2,0x747,6
    3cfa:	6d65                	lui	s10,0x19
    3cfc:	7320                	flw	fs0,96(a4)
    3cfe:	6174                	flw	fa3,68(a0)
    3d00:	7574                	flw	fa3,108(a0)
    3d02:	6e692073          	csrs	0x6e6,s2
    3d06:	4a20                	lw	s0,80(a2)
    3d08:	0d4e4f53          	0xd4e4f53
    3d0c:	0000                	unimp
    3d0e:	0000                	unimp
    3d10:	20544553          	0x20544553
    3d14:	5750                	lw	a2,44(a4)
    3d16:	314d                	jal	39b8 <_printf_i+0x1de>
    3d18:	3c20                	lbu	s0,27(s0)
    3d1a:	2d30                	lbu	a2,26(a0)
    3d1c:	3031                	jal	3528 <_vfiprintf_r+0xe2>
    3d1e:	3030                	lbu	a2,3(s0)
    3d20:	203e                	lhu	a5,2(s0)
    3d22:	202d                	jal	3d4c <_read+0xb0>
    3d24:	20746553          	0x20746553
    3d28:	35333533          	0x35333533
    3d2c:	5720                	lw	s0,104(a4)
    3d2e:	454c                	lw	a1,12(a0)
    3d30:	2044                	lbu	s1,4(s0)
    3d32:	7262                	flw	ft4,56(sp)
    3d34:	6769                	lui	a4,0x1a
    3d36:	7468                	flw	fa0,108(s0)
    3d38:	656e                	flw	fa0,216(sp)
    3d3a:	000d7373          	csrrci	t1,ustatus,26
    3d3e:	0000                	unimp
    3d40:	20544553          	0x20544553
    3d44:	5750                	lw	a2,44(a4)
    3d46:	324d                	jal	36e8 <_printf_common+0x1a>
    3d48:	3c20                	lbu	s0,27(s0)
    3d4a:	2d30                	lbu	a2,26(a0)
    3d4c:	3031                	jal	3558 <_vfiprintf_r+0x112>
    3d4e:	3030                	lbu	a2,3(s0)
    3d50:	203e                	lhu	a5,2(s0)
    3d52:	202d                	jal	3d7c <_read+0xe0>
    3d54:	20746553          	0x20746553
    3d58:	3536                	lhu	a3,42(a0)
    3d5a:	6e30                	flw	fa2,88(a2)
    3d5c:	206d                	jal	3e06 <_read+0x16a>
    3d5e:	614c                	flw	fa1,4(a0)
    3d60:	20726573          	csrrsi	a0,0x207,4
    3d64:	7262                	flw	ft4,56(sp)
    3d66:	6769                	lui	a4,0x1a
    3d68:	7468                	flw	fa0,108(s0)
    3d6a:	656e                	flw	fa0,216(sp)
    3d6c:	000d7373          	csrrci	t1,ustatus,26
    3d70:	20544553          	0x20544553
    3d74:	4f4d                	li	t5,19
    3d76:	4544                	lw	s1,12(a0)
    3d78:	3c20                	lbu	s0,27(s0)
    3d7a:	2d30                	lbu	a2,26(a0)
    3d7c:	3e35                	jal	38b8 <_printf_i+0xde>
    3d7e:	2020                	lbu	s0,2(s0)
    3d80:	2020                	lbu	s0,2(s0)
    3d82:	202d                	jal	3dac <_read+0x110>
    3d84:	3a30                	lbu	a2,19(a2)
    3d86:	2046464f          	fnmadd.s	fa2,fa2,ft4,ft4,rmm
    3d8a:	3a31                	jal	36a6 <_vfiprintf_r+0x260>
    3d8c:	3031                	jal	3598 <_vfiprintf_r+0x152>
    3d8e:	2530                	lbu	a2,10(a0)
    3d90:	2025                	jal	3db8 <_read+0x11c>
    3d92:	3a32                	lhu	a2,50(a2)
    3d94:	3532                	lhu	a2,42(a0)
    3d96:	2525                	jal	43be <c_sos_seq+0x26>
    3d98:	3320                	lbu	s0,3(a4)
    3d9a:	443a                	lw	s0,140(sp)
    3d9c:	4155                	li	sp,21
    3d9e:	204c                	lbu	a1,4(s0)
    3da0:	3a34                	lbu	a3,19(a2)
    3da2:	4f525453          	0x4f525453
    3da6:	4542                	lw	a0,16(sp)
    3da8:	3520                	lbu	s0,11(a0)
    3daa:	533a                	lw	t1,172(sp)
    3dac:	0a0d534f          	fnmadd.d	ft6,fs10,ft0,ft1,unknown
    3db0:	0000                	unimp
    3db2:	0000                	unimp
    3db4:	20544553          	0x20544553
    3db8:	4954                	lw	a3,20(a0)
    3dba:	454d                	li	a0,19
    3dbc:	2054554f          	fnmadd.s	fa0,fs0,ft5,ft4,unknown
    3dc0:	733c                	flw	fa5,96(a4)
    3dc2:	6365                	lui	t1,0x19
    3dc4:	203e                	lhu	a5,2(s0)
    3dc6:	202d                	jal	3df0 <_read+0x154>
    3dc8:	20746553          	0x20746553
    3dcc:	7561                	lui	a0,0xffff8
    3dce:	6f74                	flw	fa3,92(a4)
    3dd0:	732d                	lui	t1,0xfffeb
    3dd2:	6174                	flw	fa3,68(a0)
    3dd4:	646e                	flw	fs0,216(sp)
    3dd6:	7962                	flw	fs2,56(sp)
    3dd8:	7420                	flw	fs0,104(s0)
    3dda:	6d69                	lui	s10,0x1a
    3ddc:	6f65                	lui	t5,0x19
    3dde:	7475                	lui	s0,0xffffd
    3de0:	000d                	c.nop	3
    3de2:	0000                	unimp
    3de4:	5349                	li	t1,-14
    3de6:	2050                	lbu	a2,4(s0)
    3de8:	2020                	lbu	s0,2(s0)
    3dea:	2020                	lbu	s0,2(s0)
    3dec:	2020                	lbu	s0,2(s0)
    3dee:	2020                	lbu	s0,2(s0)
    3df0:	2020                	lbu	s0,2(s0)
    3df2:	2020                	lbu	s0,2(s0)
    3df4:	2020                	lbu	s0,2(s0)
    3df6:	202d                	jal	3e20 <_read+0x184>
    3df8:	754a                	flw	fa0,176(sp)
    3dfa:	706d                	c.lui	zero,0xffffb
    3dfc:	7420                	flw	fs0,104(s0)
    3dfe:	6166206f          	j	66414 <_data_lma+0x61b04>
    3e02:	726f7463          	bgeu	t5,t1,452a <c_sos_seq+0x192>
    3e06:	2079                	jal	3e94 <_read+0x1f8>
    3e08:	5355                	li	t1,-11
    3e0a:	2042                	lhu	s0,4(s0)
    3e0c:	6f42                	flw	ft10,16(sp)
    3e0e:	6f6c746f          	jal	s0,cb504 <_data_lma+0xc6bf4>
    3e12:	6461                	lui	s0,0x18
    3e14:	7265                	lui	tp,0xffff9
    3e16:	000d                	c.nop	3
    3e18:	4552                	lw	a0,20(sp)
    3e1a:	4f42                	lw	t5,16(sp)
    3e1c:	2020544f          	fnmadd.s	fs0,ft0,ft2,ft4,unknown
    3e20:	2020                	lbu	s0,2(s0)
    3e22:	2020                	lbu	s0,2(s0)
    3e24:	2020                	lbu	s0,2(s0)
    3e26:	2020                	lbu	s0,2(s0)
    3e28:	2020                	lbu	s0,2(s0)
    3e2a:	202d                	jal	3e54 <_read+0x1b8>
    3e2c:	74666f53          	0x74666f53
    3e30:	7320                	flw	fs0,96(a4)
    3e32:	7379                	lui	t1,0xffffe
    3e34:	6574                	flw	fa3,76(a0)
    3e36:	206d                	jal	3ee0 <_read+0x244>
    3e38:	6572                	flw	fa0,28(sp)
    3e3a:	0d746573          	csrrsi	a0,0xd7,8
    3e3e:	0000                	unimp
    3e40:	3d3d                	jal	3c7e <_fstat+0x6>
    3e42:	3d3d                	jal	3c80 <_fstat+0x8>
    3e44:	3d3d                	jal	3c82 <_fstat+0xa>
    3e46:	3d3d                	jal	3c84 <_isatty>
    3e48:	3d3d                	jal	3c86 <_isatty+0x2>
    3e4a:	3d3d                	jal	3c88 <_isatty+0x4>
    3e4c:	3d3d                	jal	3c8a <_isatty+0x6>
    3e4e:	3d3d                	jal	3c8c <_isatty+0x8>
    3e50:	3d3d                	jal	3c8e <_isatty+0xa>
    3e52:	3d3d                	jal	3c90 <_lseek>
    3e54:	3d3d                	jal	3c92 <_lseek+0x2>
    3e56:	3d3d                	jal	3c94 <_lseek+0x4>
    3e58:	3d3d                	jal	3c96 <_lseek+0x6>
    3e5a:	3d3d                	jal	3c98 <_lseek+0x8>
    3e5c:	3d3d                	jal	3c9a <_lseek+0xa>
    3e5e:	3d3d                	jal	3c9c <_read>
    3e60:	3d3d                	jal	3c9e <_read+0x2>
    3e62:	3d3d                	jal	3ca0 <_read+0x4>
    3e64:	3d3d                	jal	3ca2 <_read+0x6>
    3e66:	3d3d                	jal	3ca4 <_read+0x8>
    3e68:	000d                	c.nop	3
    3e6a:	0000                	unimp
    3e6c:	20544547          	fmsub.s	fa0,fs0,ft5,ft4,rmm
    3e70:	54415453          	0x54415453
    3e74:	5355                	li	t1,-11
    3e76:	0000                	unimp
    3e78:	6162227b          	0x6162227b
    3e7c:	5f74                	lw	a3,124(a4)
    3e7e:	766d                	lui	a2,0xffffb
    3e80:	3a22                	lhu	s0,50(a2)
    3e82:	6425                	lui	s0,0x9
    3e84:	222c                	lbu	a1,2(a2)
    3e86:	6974                	flw	fa3,84(a0)
    3e88:	7265                	lui	tp,0xffff9
    3e8a:	3a22                	lhu	s0,50(a2)
    3e8c:	6425                	lui	s0,0x9
    3e8e:	222c                	lbu	a1,2(a2)
    3e90:	74617473          	csrrci	s0,0x746,2
    3e94:	2265                	jal	403c <_read+0x3a0>
    3e96:	253a                	lhu	a4,10(a0)
    3e98:	2c64                	lbu	s1,30(s0)
    3e9a:	7022                	flw	ft0,40(sp)
    3e9c:	22316d77          	0x22316d77
    3ea0:	253a                	lhu	a4,10(a0)
    3ea2:	2c64                	lbu	s1,30(s0)
    3ea4:	7022                	flw	ft0,40(sp)
    3ea6:	22326d77          	0x22326d77
    3eaa:	253a                	lhu	a4,10(a0)
    3eac:	2c64                	lbu	s1,30(s0)
    3eae:	7422                	flw	fs0,40(sp)
    3eb0:	6d69                	lui	s10,0x1a
    3eb2:	6f65                	lui	t5,0x19
    3eb4:	7475                	lui	s0,0xffffd
    3eb6:	3a22                	lhu	s0,50(a2)
    3eb8:	6425                	lui	s0,0x9
    3eba:	222c                	lbu	a1,2(a2)
    3ebc:	63737973          	csrrci	s2,0x637,6
    3ec0:	6b6c                	flw	fa1,84(a4)
    3ec2:	3a22                	lhu	s0,50(a2)
    3ec4:	6425                	lui	s0,0x9
    3ec6:	0d7d                	addi	s10,s10,31
    3ec8:	000a                	c.slli	zero,0x2
    3eca:	0000                	unimp
    3ecc:	20544553          	0x20544553
    3ed0:	5750                	lw	a2,44(a4)
    3ed2:	314d                	jal	3b74 <_write_r+0x24>
    3ed4:	0020                	addi	s0,sp,8
    3ed6:	0000                	unimp
    3ed8:	203a4b4f          	fnmadd.s	fs6,fs4,ft3,ft4,rmm
    3edc:	5750                	lw	a2,44(a4)
    3ede:	314d                	jal	3b80 <_close_r+0x2>
    3ee0:	7320                	flw	fs0,96(a4)
    3ee2:	7465                	lui	s0,0xffff9
    3ee4:	7420                	flw	fs0,104(s0)
    3ee6:	6425206f          	j	56528 <_data_lma+0x51c18>
    3eea:	0a0d                	addi	s4,s4,3
    3eec:	0000                	unimp
    3eee:	0000                	unimp
    3ef0:	20544553          	0x20544553
    3ef4:	5750                	lw	a2,44(a4)
    3ef6:	324d                	jal	3898 <_printf_i+0xbe>
    3ef8:	0020                	addi	s0,sp,8
    3efa:	0000                	unimp
    3efc:	203a4b4f          	fnmadd.s	fs6,fs4,ft3,ft4,rmm
    3f00:	5750                	lw	a2,44(a4)
    3f02:	324d                	jal	38a4 <_printf_i+0xca>
    3f04:	7320                	flw	fs0,96(a4)
    3f06:	7465                	lui	s0,0xffff9
    3f08:	7420                	flw	fs0,104(s0)
    3f0a:	6425206f          	j	5654c <_data_lma+0x51c3c>
    3f0e:	0a0d                	addi	s4,s4,3
    3f10:	0000                	unimp
    3f12:	0000                	unimp
    3f14:	20544553          	0x20544553
    3f18:	4f4d                	li	t5,19
    3f1a:	4544                	lw	s1,12(a0)
    3f1c:	0020                	addi	s0,sp,8
    3f1e:	0000                	unimp
    3f20:	203a4b4f          	fnmadd.s	fs6,fs4,ft3,ft4,rmm
    3f24:	4f4d                	li	t5,19
    3f26:	4544                	lw	s1,12(a0)
    3f28:	7320                	flw	fs0,96(a4)
    3f2a:	7465                	lui	s0,0xffff9
    3f2c:	7420                	flw	fs0,104(s0)
    3f2e:	6425206f          	j	56570 <_data_lma+0x51c60>
    3f32:	0a0d                	addi	s4,s4,3
    3f34:	0000                	unimp
    3f36:	0000                	unimp
    3f38:	5245                	li	tp,-15
    3f3a:	3a52                	lhu	a2,52(a2)
    3f3c:	4920                	lw	s0,80(a0)
    3f3e:	766e                	flw	fa2,248(sp)
    3f40:	6c61                	lui	s8,0x18
    3f42:	6469                	lui	s0,0x1a
    3f44:	6d20                	flw	fs0,88(a0)
    3f46:	2065646f          	jal	s0,5a14c <_data_lma+0x5583c>
    3f4a:	3028                	lbu	a0,3(s0)
    3f4c:	357e                	lhu	a5,46(a0)
    3f4e:	0d29                	addi	s10,s10,10
    3f50:	0000                	unimp
    3f52:	0000                	unimp
    3f54:	20544553          	0x20544553
    3f58:	4954                	lw	a3,20(a0)
    3f5a:	454d                	li	a0,19
    3f5c:	2054554f          	fnmadd.s	fa0,fs0,ft5,ft4,unknown
    3f60:	0000                	unimp
    3f62:	0000                	unimp
    3f64:	203a4b4f          	fnmadd.s	fs6,fs4,ft3,ft4,rmm
    3f68:	4954                	lw	a3,20(a0)
    3f6a:	454d                	li	a0,19
    3f6c:	2054554f          	fnmadd.s	fa0,fs0,ft5,ft4,unknown
    3f70:	20746573          	csrrsi	a0,0x207,8
    3f74:	6f74                	flw	fa3,92(a4)
    3f76:	2520                	lbu	s0,10(a0)
    3f78:	2064                	lbu	s1,6(s0)
    3f7a:	6f636573          	csrrsi	a0,0x6f6,6
    3f7e:	646e                	flw	fs0,216(sp)
    3f80:	000a0d73          	0xa0d73
    3f84:	5245                	li	tp,-15
    3f86:	3a52                	lhu	a2,52(a2)
    3f88:	5420                	lw	s0,104(s0)
    3f8a:	6d69                	lui	s10,0x1a
    3f8c:	6f65                	lui	t5,0x19
    3f8e:	7475                	lui	s0,0xffffd
    3f90:	6d20                	flw	fs0,88(a0)
    3f92:	7375                	lui	t1,0xffffd
    3f94:	2074                	lbu	a3,6(s0)
    3f96:	6562                	flw	fa0,24(sp)
    3f98:	3120                	lbu	s0,3(a0)
    3f9a:	337e                	lhu	a5,38(a4)
    3f9c:	3036                	lhu	a3,34(s0)
    3f9e:	2030                	lbu	a2,2(s0)
    3fa0:	6f636573          	csrrsi	a0,0x6f6,6
    3fa4:	646e                	flw	fs0,216(sp)
    3fa6:	00000d73          	0xd73
    3faa:	0000                	unimp
    3fac:	5349                	li	t1,-14
    3fae:	0050                	addi	a2,sp,4
    3fb0:	4f42                	lw	t5,16(sp)
    3fb2:	4f4c544f          	fnmadd.q	fs0,fs8,fs4,fs1,unknown
    3fb6:	4441                	li	s0,16
    3fb8:	5245                	li	tp,-15
    3fba:	0000                	unimp
    3fbc:	203a4b4f          	fnmadd.s	fs6,fs4,ft3,ft4,rmm
    3fc0:	754a                	flw	fa0,176(sp)
    3fc2:	706d                	c.lui	zero,0xffffb
    3fc4:	6e69                	lui	t3,0x1a
    3fc6:	6f742067          	0x6f742067
    3fca:	5520                	lw	s0,104(a0)
    3fcc:	49204253          	0x49204253
    3fd0:	42205053          	0x42205053
    3fd4:	6c746f6f          	jal	t5,4ae9a <_data_lma+0x4658a>
    3fd8:	6564616f          	jal	sp,4a62e <_data_lma+0x45d1e>
    3fdc:	2072                	lhu	a2,6(s0)
    3fde:	6e69                	lui	t3,0x1a
    3fe0:	3520                	lbu	s0,11(a0)
    3fe2:	6d30                	flw	fa2,88(a0)
    3fe4:	2e2e2e73          	csrrs	t3,0x2e2,t3
    3fe8:	000d                	c.nop	3
    3fea:	0000                	unimp
    3fec:	4552                	lw	a0,20(sp)
    3fee:	4f42                	lw	t5,16(sp)
    3ff0:	0000544f          	fnmadd.s	fs0,ft0,ft0,ft0,unknown
    3ff4:	4552                	lw	a0,20(sp)
    3ff6:	00544553          	fadd.s	fa0,fs0,ft5,rmm
    3ffa:	0000                	unimp
    3ffc:	203a4b4f          	fnmadd.s	fs6,fs4,ft3,ft4,rmm
    4000:	6552                	flw	fa0,20(sp)
    4002:	6f62                	flw	ft10,24(sp)
    4004:	6e69746f          	jal	s0,9b6ea <_data_lma+0x96dda>
    4008:	2e2e2e67          	0x2e2e2e67
    400c:	000d                	c.nop	3
    400e:	0000                	unimp
    4010:	5245                	li	tp,-15
    4012:	3a52                	lhu	a2,52(a2)
    4014:	5520                	lw	s0,104(a0)
    4016:	6b6e                	flw	fs6,216(sp)
    4018:	6f6e                	flw	ft10,216(sp)
    401a:	63206e77          	0x63206e77
    401e:	616d6d6f          	jal	s10,da634 <_data_lma+0xd5d24>
    4022:	646e                	flw	fs0,216(sp)
    4024:	2720                	lbu	s0,10(a4)
    4026:	7325                	lui	t1,0xfffe9
    4028:	54202e27          	fsw	ft2,1372(zero) # 55c <BSP_CLI_Process+0x7a>
    402c:	7079                	c.lui	zero,0xffffe
    402e:	2065                	jal	40d6 <_read+0x43a>
    4030:	4c454827          	fsq	ft4,1232(a0) # ffff84d0 <_eusrstack+0xdfff34d0>
    4034:	2750                	lbu	a2,12(a4)
    4036:	6620                	flw	fs0,72(a2)
    4038:	6320726f          	jal	tp,b66a <_data_lma+0x6d5a>
    403c:	616d6d6f          	jal	s10,da652 <_data_lma+0xd5d42>
    4040:	646e                	flw	fs0,216(sp)
    4042:	0a0d2e73          	csrrs	t3,0xa0,s10
    4046:	0000                	unimp
    4048:	0a0d                	addi	s4,s4,3
    404a:	5053495b          	0x5053495b
    404e:	205d                	jal	40f4 <_read+0x458>
    4050:	6e45                	lui	t3,0x11
    4052:	6574                	flw	fa3,76(a0)
    4054:	6972                	flw	fs2,28(sp)
    4056:	676e                	flw	fa4,216(sp)
    4058:	4620                	lw	s0,72(a2)
    405a:	6361                	lui	t1,0x18
    405c:	6f74                	flw	fa3,92(a4)
    405e:	7972                	flw	fs2,60(sp)
    4060:	4920                	lw	s0,80(a0)
    4062:	42205053          	0x42205053
    4066:	6c746f6f          	jal	t5,4af2c <_data_lma+0x4661c>
    406a:	6564616f          	jal	sp,4a6c0 <_data_lma+0x45db0>
    406e:	2072                	lhu	a2,6(s0)
    4070:	6f4d                	lui	t5,0x13
    4072:	6564                	flw	fs1,76(a0)
    4074:	2e2e                	lhu	a1,26(a2)
    4076:	0d2e                	slli	s10,s10,0xb
    4078:	0000                	unimp
    407a:	0000                	unimp
    407c:	0946                	slli	s2,s2,0x11
    407e:	0000                	unimp
    4080:	0956                	slli	s2,s2,0x15
    4082:	0000                	unimp
    4084:	0972                	slli	s2,s2,0x1c
    4086:	0000                	unimp
    4088:	099e                	slli	s3,s3,0x7
    408a:	0000                	unimp
    408c:	09c0                	addi	s0,sp,212
    408e:	0000                	unimp
    4090:	09da                	slli	s3,s3,0x16
    4092:	0000                	unimp
    4094:	09e6                	slli	s3,s3,0x19
    4096:	0000                	unimp
    4098:	0a08                	addi	a0,sp,272
    409a:	0000                	unimp
    409c:	0a26                	slli	s4,s4,0x9
    409e:	0000                	unimp
    40a0:	0c12                	slli	s8,s8,0x4
    40a2:	0000                	unimp
    40a4:	0c1e                	slli	s8,s8,0x7
    40a6:	0000                	unimp
    40a8:	0c26                	slli	s8,s8,0x9
    40aa:	0000                	unimp
    40ac:	0c30                	addi	a2,sp,536
    40ae:	0000                	unimp
    40b0:	0c3c                	addi	a5,sp,536
    40b2:	0000                	unimp
    40b4:	0c42                	slli	s8,s8,0x10
    40b6:	0000                	unimp
    40b8:	0c48                	addi	a0,sp,532
    40ba:	0000                	unimp
    40bc:	0c54                	addi	a3,sp,532
    40be:	0000                	unimp
    40c0:	0ed2                	slli	t4,t4,0x14
    40c2:	0000                	unimp
    40c4:	0ed6                	slli	t4,t4,0x15
    40c6:	0000                	unimp
    40c8:	0ede                	slli	t4,t4,0x17
    40ca:	0000                	unimp
    40cc:	0ee6                	slli	t4,t4,0x19
    40ce:	0000                	unimp
    40d0:	0efe                	slli	t4,t4,0x1f
    40d2:	0000                	unimp
    40d4:	5257505b          	0x5257505b
    40d8:	205d                	jal	417e <_read+0x4e2>
    40da:	6e45                	lui	t3,0x11
    40dc:	6574                	flw	fa3,76(a0)
    40de:	6972                	flw	fs2,28(sp)
    40e0:	676e                	flw	fa4,216(sp)
    40e2:	4c20                	lw	s0,88(s0)
    40e4:	502d776f          	jal	a4,db5e6 <_data_lma+0xd6cd6>
    40e8:	7265776f          	jal	a4,5b80e <_data_lma+0x56efe>
    40ec:	5320                	lw	s0,96(a4)
    40ee:	6174                	flw	fa3,68(a0)
    40f0:	646e                	flw	fs0,216(sp)
    40f2:	7962                	flw	fs2,56(sp)
    40f4:	4d20                	lw	s0,88(a0)
    40f6:	2e65646f          	jal	s0,5a3dc <_data_lma+0x55acc>
    40fa:	2e2e                	lhu	a1,26(a2)
    40fc:	000d                	c.nop	3
    40fe:	0000                	unimp
    4100:	4e55475b          	0x4e55475b
    4104:	494c                	lw	a1,20(a0)
    4106:	5d544847          	0x5d544847
    410a:	4920                	lw	s0,80(a0)
    410c:	696e                	flw	fs2,216(sp)
    410e:	2074                	lbu	a3,6(s0)
    4110:	706d6f43          	fmadd.s	ft10,fs10,ft6,fa4,unknown
    4114:	656c                	flw	fa1,76(a0)
    4116:	6574                	flw	fa3,76(a0)
    4118:	2e64                	lbu	s1,30(a2)
    411a:	000d                	c.nop	3
    411c:	4e55475b          	0x4e55475b
    4120:	494c                	lw	a1,20(a0)
    4122:	5d544847          	0x5d544847
    4126:	4320                	lw	s0,64(a4)
    4128:	696c                	flw	fa1,84(a0)
    412a:	203a6b63          	bltu	s4,gp,4340 <_read+0x6a4>
    412e:	6f4d                	lui	t5,0x13
    4130:	6564                	flw	fs1,76(a0)
    4132:	3120                	lbu	s0,3(a0)
    4134:	5420                	lw	s0,104(s0)
    4136:	7275                	lui	tp,0xffffd
    4138:	656e                	flw	fa0,216(sp)
    413a:	2064                	lbu	s1,6(s0)
    413c:	000d6e4f          	fnmadd.s	ft8,fs10,ft0,ft0,unknown
    4140:	4e55475b          	0x4e55475b
    4144:	494c                	lw	a1,20(a0)
    4146:	5d544847          	0x5d544847
    414a:	4320                	lw	s0,64(a4)
    414c:	696c                	flw	fa1,84(a0)
    414e:	203a6b63          	bltu	s4,gp,4364 <_read+0x6c8>
    4152:	6f4d                	lui	t5,0x13
    4154:	6564                	flw	fs1,76(a0)
    4156:	3220                	lbu	s0,3(a2)
    4158:	2820                	lbu	s0,18(s0)
    415a:	614d                	addi	sp,sp,176
    415c:	6e69                	lui	t3,0x1a
    415e:	3220                	lbu	s0,3(a2)
    4160:	2535                	jal	478c <_ctype_+0x1c>
    4162:	0d29                	addi	s10,s10,10
    4164:	000a                	c.slli	zero,0x2
    4166:	0000                	unimp
    4168:	4e55475b          	0x4e55475b
    416c:	494c                	lw	a1,20(a0)
    416e:	5d544847          	0x5d544847
    4172:	4320                	lw	s0,64(a4)
    4174:	696c                	flw	fa1,84(a0)
    4176:	203a6b63          	bltu	s4,gp,438c <_read+0x6f0>
    417a:	6f4d                	lui	t5,0x13
    417c:	6564                	flw	fs1,76(a0)
    417e:	3320                	lbu	s0,3(a4)
    4180:	2820                	lbu	s0,18(s0)
    4182:	614d                	addi	sp,sp,176
    4184:	6e69                	lui	t3,0x1a
    4186:	2b20                	lbu	s0,18(a4)
    4188:	4120                	lw	s0,64(a0)
    418a:	7875                	lui	a6,0xffffd
    418c:	0d29                	addi	s10,s10,10
    418e:	0000                	unimp
    4190:	4e55475b          	0x4e55475b
    4194:	494c                	lw	a1,20(a0)
    4196:	5d544847          	0x5d544847
    419a:	4320                	lw	s0,64(a4)
    419c:	696c                	flw	fa1,84(a0)
    419e:	203a6b63          	bltu	s4,gp,43b4 <c_sos_seq+0x1c>
    41a2:	6c41                	lui	s8,0x10
    41a4:	206c                	lbu	a1,6(s0)
    41a6:	2c66664f          	0x2c66664f
    41aa:	3120                	lbu	s0,3(a0)
    41ac:	7330                	flw	fa2,96(a4)
    41ae:	6320                	flw	fs0,64(a4)
    41b0:	746e756f          	jal	a0,eb8f6 <_data_lma+0xe6fe6>
    41b4:	6f64                	flw	fs1,92(a4)
    41b6:	74206e77          	0x74206e77
    41ba:	7453206f          	j	370fe <_data_lma+0x327ee>
    41be:	6e61                	lui	t3,0x18
    41c0:	6264                	flw	fs1,68(a2)
    41c2:	2e79                	jal	4560 <c_sos_seq+0x1c8>
    41c4:	2e2e                	lhu	a1,26(a2)
    41c6:	000d                	c.nop	3
    41c8:	4e55475b          	0x4e55475b
    41cc:	494c                	lw	a1,20(a0)
    41ce:	5d544847          	0x5d544847
    41d2:	4320                	lw	s0,64(a4)
    41d4:	696c                	flw	fa1,84(a0)
    41d6:	203a6b63          	bltu	s4,gp,43ec <c_sos_seq+0x54>
    41da:	7845                	lui	a6,0xffff1
    41dc:	7469                	lui	s0,0xffffa
    41de:	5320                	lw	s0,96(a4)
    41e0:	6570                	flw	fa2,76(a0)
    41e2:	6c616963          	bltu	sp,t1,48b4 <__sf_fake_stdout>
    41e6:	4d20                	lw	s0,88(a0)
    41e8:	2065646f          	jal	s0,5a3ee <_data_lma+0x55ade>
    41ec:	3e2d                	jal	3d26 <_read+0x8a>
    41ee:	4120                	lw	s0,64(a0)
    41f0:	6c6c                	flw	fa1,92(s0)
    41f2:	4f20                	lw	s0,88(a4)
    41f4:	6666                	flw	fa2,88(sp)
    41f6:	000d                	c.nop	3
    41f8:	4e55475b          	0x4e55475b
    41fc:	494c                	lw	a1,20(a0)
    41fe:	5d544847          	0x5d544847
    4202:	4420                	lw	s0,72(s0)
    4204:	6c62756f          	jal	a0,2b8ca <_data_lma+0x26fba>
    4208:	2065                	jal	42b0 <_read+0x614>
    420a:	63696c43          	fmadd.d	fs8,fs2,fs6,fa2,unknown
    420e:	31203a6b          	0x31203a6b
    4212:	4830                	lw	a2,80(s0)
    4214:	207a                	lhu	a4,6(s0)
    4216:	6f727453          	0x6f727453
    421a:	6562                	flw	fa0,24(sp)
    421c:	4d20                	lw	s0,88(a0)
    421e:	0d65646f          	jal	s0,5a2f4 <_data_lma+0x559e4>
    4222:	0000                	unimp
    4224:	4e55475b          	0x4e55475b
    4228:	494c                	lw	a1,20(a0)
    422a:	5d544847          	0x5d544847
    422e:	5420                	lw	s0,104(s0)
    4230:	6972                	flw	fs2,28(sp)
    4232:	6c70                	flw	fa2,92(s0)
    4234:	2065                	jal	42dc <_read+0x640>
    4236:	63696c43          	fmadd.d	fs8,fs2,fs6,fa2,unknown
    423a:	53203a6b          	0x53203a6b
    423e:	4420534f          	0x4420534f
    4242:	7369                	lui	t1,0xffffa
    4244:	7274                	flw	fa3,100(a2)
    4246:	7365                	lui	t1,0xffff9
    4248:	6f4d2073          	csrs	0x6f4,s10
    424c:	6564                	flw	fs1,76(a0)
    424e:	000d                	c.nop	3
    4250:	4e55475b          	0x4e55475b
    4254:	494c                	lw	a1,20(a0)
    4256:	5d544847          	0x5d544847
    425a:	4c20                	lw	s0,88(s0)
    425c:	2d676e6f          	jal	t3,7a532 <_data_lma+0x75c22>
    4260:	7270                	flw	fa2,100(a2)
    4262:	7365                	lui	t1,0xffff9
    4264:	41203a73          	csrrc	s4,0x412,zero
    4268:	6c6c                	flw	fa1,92(s0)
    426a:	4f20                	lw	s0,88(a4)
    426c:	6666                	flw	fa2,88(sp)
    426e:	2021                	jal	4276 <_read+0x5da>
    4270:	63656843          	fmadd.d	fa6,fa0,fs6,fa2,unknown
    4274:	676e696b          	0x676e696b
    4278:	6620                	flw	fs0,72(a2)
    427a:	3820726f          	jal	tp,b5fc <_data_lma+0x6cec>
    427e:	53492073          	csrs	0x534,s2
    4282:	2050                	lbu	a2,4(s0)
    4284:	6f68                	flw	fa0,92(a4)
    4286:	646c                	flw	fa1,76(s0)
    4288:	2e2e                	lhu	a1,26(a2)
    428a:	0d2e                	slli	s10,s10,0xb
    428c:	0000                	unimp
    428e:	0000                	unimp
    4290:	4e55475b          	0x4e55475b
    4294:	494c                	lw	a1,20(a0)
    4296:	5d544847          	0x5d544847
    429a:	3820                	lbu	s0,19(s0)
    429c:	6f682073          	csrs	0x6f6,a6
    42a0:	646c                	flw	fa1,76(s0)
    42a2:	7220                	flw	fs0,96(a2)
    42a4:	6165                	addi	sp,sp,112
    42a6:	64656863          	bltu	a0,t1,48f6 <__sf_fake_stdout+0x42>
    42aa:	2d20                	lbu	s0,26(a0)
    42ac:	203e                	lhu	a5,2(s0)
    42ae:	6e45                	lui	t3,0x11
    42b0:	6574                	flw	fa3,76(a0)
    42b2:	2072                	lhu	a2,6(s0)
    42b4:	5349                	li	t1,-14
    42b6:	2050                	lbu	a2,4(s0)
    42b8:	6f42                	flw	ft10,16(sp)
    42ba:	6f6c746f          	jal	s0,cb9b0 <_data_lma+0xc70a0>
    42be:	6461                	lui	s0,0x18
    42c0:	7265                	lui	tp,0xffff9
    42c2:	0d21                	addi	s10,s10,8
    42c4:	0000                	unimp
    42c6:	0000                	unimp
    42c8:	4e55475b          	0x4e55475b
    42cc:	494c                	lw	a1,20(a0)
    42ce:	5d544847          	0x5d544847
    42d2:	4120                	lw	s0,64(a0)
    42d4:	6c6c                	flw	fa1,92(s0)
    42d6:	4f20                	lw	s0,88(a4)
    42d8:	6666                	flw	fa2,88(sp)
    42da:	6320                	flw	fs0,64(a4)
    42dc:	69666e6f          	jal	t3,6a972 <_data_lma+0x66062>
    42e0:	6d72                	flw	fs10,28(sp)
    42e2:	6465                	lui	s0,0x19
    42e4:	202c                	lbu	a1,2(s0)
    42e6:	3031                	jal	3af2 <__swrite+0x20>
    42e8:	6f632073          	csrs	0x6f6,t1
    42ec:	6e75                	lui	t3,0x1d
    42ee:	6474                	flw	fa3,76(s0)
    42f0:	206e776f          	jal	a4,eb4f6 <_data_lma+0xe6be6>
    42f4:	6f74                	flw	fa3,92(a4)
    42f6:	5320                	lw	s0,96(a4)
    42f8:	6174                	flw	fa3,68(a0)
    42fa:	646e                	flw	fs0,216(sp)
    42fc:	7962                	flw	fs2,56(sp)
    42fe:	2e2e                	lhu	a1,26(a2)
    4300:	0d2e                	slli	s10,s10,0xb
    4302:	0000                	unimp
    4304:	4e55475b          	0x4e55475b
    4308:	494c                	lw	a1,20(a0)
    430a:	5d544847          	0x5d544847
    430e:	5420                	lw	s0,104(s0)
    4310:	7275                	lui	tp,0xffffd
    4312:	656e                	flw	fa0,216(sp)
    4314:	2064                	lbu	s1,6(s0)
    4316:	2d206e4f          	0x2d206e4f
    431a:	203e                	lhu	a5,2(s0)
    431c:	6f4d                	lui	t5,0x13
    431e:	6564                	flw	fs1,76(a0)
    4320:	3120                	lbu	s0,3(a0)
    4322:	000d                	c.nop	3
    4324:	5257505b          	0x5257505b
    4328:	205d                	jal	43ce <c_sos_seq+0x36>
    432a:	6142                	flw	ft2,16(sp)
    432c:	7474                	flw	fa3,108(s0)
    432e:	7265                	lui	tp,0xffff9
    4330:	2079                	jal	43be <c_sos_seq+0x26>
    4332:	74697243          	0x74697243
    4336:	6369                	lui	t1,0x1a
    4338:	6c61                	lui	s8,0x18
    433a:	2820                	lbu	s0,18(s0)
    433c:	203c                	lbu	a5,2(s0)
    433e:	2e32                	lhu	a2,26(a2)
    4340:	3539                	jal	414e <_read+0x4b2>
    4342:	2956                	lhu	a3,20(a0)
    4344:	2021                	jal	434c <_read+0x6b0>
    4346:	6f747543          	fmadd.q	fa0,fs0,fs7,fa3
    434a:	6666                	flw	fa2,88(sp)
    434c:	7020                	flw	fs0,96(s0)
    434e:	6f72                	flw	ft10,28(sp)
    4350:	6574                	flw	fa3,76(a0)
    4352:	6f697463          	bgeu	s2,s6,4a3a <_data_lma+0x12a>
    4356:	206e                	lhu	a1,6(s0)
    4358:	7274                	flw	fa3,100(a2)
    435a:	6769                	lui	a4,0x1a
    435c:	65726567          	0x65726567
    4360:	2e64                	lbu	s1,30(a2)
    4362:	000d                	c.nop	3
    4364:	5257505b          	0x5257505b
    4368:	205d                	jal	440e <c_sos_seq+0x76>
    436a:	6142                	flw	ft2,16(sp)
    436c:	7474                	flw	fa3,108(s0)
    436e:	7265                	lui	tp,0xffff9
    4370:	2079                	jal	43fe <c_sos_seq+0x66>
    4372:	6954                	flw	fa3,20(a0)
    4374:	7265                	lui	tp,0xffff9
    4376:	5320                	lw	s0,96(a4)
    4378:	63746977          	0x63746977
    437c:	3a68                	lbu	a0,23(a2)
    437e:	2520                	lbu	s0,10(a0)
    4380:	2064                	lbu	s1,6(s0)
    4382:	3e2d                	jal	3ebc <_read+0x220>
    4384:	2520                	lbu	s0,10(a0)
    4386:	2064                	lbu	s1,6(s0)
    4388:	5628                	lw	a0,104(a2)
    438a:	6162                	flw	ft2,24(sp)
    438c:	3d74                	lbu	a3,31(a0)
    438e:	6425                	lui	s0,0x9
    4390:	6d20                	flw	fs0,88(a0)
    4392:	2956                	lhu	a3,20(a0)
    4394:	0a0d                	addi	s4,s4,3
	...

00004398 <c_sos_seq>:
    4398:	0001 0014 0000 0014 0001 0014 0000 0014     ................
    43a8:	0001 0014 0000 003c 0001 003c 0000 0014     ......<...<.....
    43b8:	0001 003c 0000 0014 0001 003c 0000 003c     ..<.......<...<.
    43c8:	0001 0014 0000 0014 0001 0014 0000 0014     ................
    43d8:	0001 0014 0000 008c 0a0d 3d3d 3d3d 3d3d     ..........======
    43e8:	3d3d 3d3d 3d3d 3d3d 3d3d 3d3d 3d3d 3d3d     ================
    43f8:	3d3d 3d3d 3d3d 3d3d 3d3d 3d3d 3d3d 3d3d     ================
    4408:	3d3d 000d 2020 4843 3233 3256 3330 3846     ==..  CH32V203F8
    4418:	3655 5420 6361 6974 6163 206c 7547 6c6e     U6 Tactical Gunl
    4428:	6769 7468 2820 4d57 294c 2020 000d 0000     ight (WML)  ....
    4438:	2020 7953 7473 6d65 4320 6f6c 6b63 3a20       System Clock :
    4448:	2520 2064 7a48 0a0d 0000 0000 2020 5355      %d Hz......  US
    4458:	2042 4443 2043 4356 2050 3a20 5220 6165     B CDC VCP  : Rea
    4468:	7964 2820 4150 3131 443a 2c4d 5020 3141     dy (PA11:DM, PA1
    4478:	3a32 5044 0d29 0000 505b 5257 205d 6157     2:DP)...[PWR] Wa
    4488:	656b 7075 6620 6f72 206d 6f4c 2d77 6f50     keup from Low-Po
    4498:	6577 2072 7453 6e61 6264 2179 000d 0000     wer Standby!....
    44a8:	505b 5257 205d 654b 2079 7250 7365 6573     [PWR] Key Presse
    44b8:	2064 6e6f 5720 6b61 7565 2f70 6f42 746f     d on Wakeup/Boot
    44c8:	203a 6843 6365 696b 676e 3820 2073 6f68     : Checking 8s ho
    44d8:	646c 6620 726f 4920 5053 2e2e 0d2e 0000     ld for ISP......
    44e8:	505b 5257 205d 2038 6573 6f63 646e 2073     [PWR] 8 seconds 
    44f8:	6f68 646c 7220 6165 6863 6465 2d20 203e     hold reached -> 
    4508:	6e45 6574 6972 676e 4920 5053 4220 6f6f     Entering ISP Boo
    4518:	6c74 616f 6564 2172 000d 0000 505b 5257     tloader!....[PWR
    4528:	205d 6f4e 6d72 6c61 5420 7275 206e 6e4f     ] Normal Turn On
    4538:	2d20 203e 6f4d 6564 3120 2820 3031 2530      -> Mode 1 (100%
    4548:	2925 0d2e 000a 0000 505b 5257 205d 6f42     %)......[PWR] Bo
    4558:	746f 6920 206e 7453 6e61 6264 2079 6157     ot in Standby Wa
    4568:	7469 5320 6174 6574 2820 7541 6f74 7320     it State (Auto s
    4578:	656c 7065 6120 7466 7265 7420 6d69 6f65     leep after timeo
    4588:	7475 6f20 2072 6572 6461 2079 6f66 2072     ut or ready for 
    4598:	5355 2042 6f68 7473 0d29 0000 197c 0000     USB host)...|...
    45a8:	18da 0000 18da 0000 18da 0000 18da 0000     ................
    45b8:	18fe 0000 18c2 0000 18da 0000 1910 0000     ................
    45c8:	1974 0000                                   t...

000045cc <USB_ConfigDescriptor>:
    45cc:	0209 0043 0102 8000 0932 0004 0100 0202     ..C.....2.......
    45dc:	0001 2405 1000 0501 0124 0100 2404 0202     ...$....$....$..
    45ec:	2405 0006 0701 8105 0803 0a00 0409 0001     .$..............
    45fc:	0a02 0000 0700 8205 4002 0000 0507 0203     .........@......
    460c:	0040 0000                                   @...

00004610 <USB_DeviceDescriptor>:
    4610:	0112 0110 0002 4000 1a86 fe0c 0100 0201     .......@........
    4620:	0103 0000                                   ....

00004624 <USB_StringProduct>:
    4624:	0326 0043 0048 0033 0032 0056 0032 0030     &.C.H.3.2.V.2.0.
    4634:	0033 0020 0057 004d 004c 0020 0044 0065     3. .W.M.L. .D.e.
    4644:	0062 0075 0067 0000                         b.u.g...

0000464c <USB_StringSerial>:
    464c:	0312 0057 004d 004c 002d 0032 0030 0032     ..W.M.L.-.2.0.2.
    465c:	0036 0000                                   6...

00004660 <__clz_tab>:
    4660:	0100 0202 0303 0303 0404 0404 0404 0404     ................
    4670:	0505 0505 0505 0505 0505 0505 0505 0505     ................
    4680:	0606 0606 0606 0606 0606 0606 0606 0606     ................
    4690:	0606 0606 0606 0606 0606 0606 0606 0606     ................
    46a0:	0707 0707 0707 0707 0707 0707 0707 0707     ................
    46b0:	0707 0707 0707 0707 0707 0707 0707 0707     ................
    46c0:	0707 0707 0707 0707 0707 0707 0707 0707     ................
    46d0:	0707 0707 0707 0707 0707 0707 0707 0707     ................
    46e0:	0808 0808 0808 0808 0808 0808 0808 0808     ................
    46f0:	0808 0808 0808 0808 0808 0808 0808 0808     ................
    4700:	0808 0808 0808 0808 0808 0808 0808 0808     ................
    4710:	0808 0808 0808 0808 0808 0808 0808 0808     ................
    4720:	0808 0808 0808 0808 0808 0808 0808 0808     ................
    4730:	0808 0808 0808 0808 0808 0808 0808 0808     ................
    4740:	0808 0808 0808 0808 0808 0808 0808 0808     ................
    4750:	0808 0808 0808 0808 0808 0808 0808 0808     ................
    4760:	0043 0000 4f50 4953 0058 0000 002e 0000     C...POSIX.......

00004770 <_ctype_>:
    4770:	2000 2020 2020 2020 2020 2828 2828 2028     .         ((((( 
    4780:	2020 2020 2020 2020 2020 2020 2020 2020                     
    4790:	8820 1010 1010 1010 1010 1010 1010 1010      ...............
    47a0:	0410 0404 0404 0404 0404 1004 1010 1010     ................
    47b0:	1010 4141 4141 4141 0101 0101 0101 0101     ..AAAAAA........
    47c0:	0101 0101 0101 0101 0101 0101 1010 1010     ................
    47d0:	1010 4242 4242 4242 0202 0202 0202 0202     ..BBBBBB........
    47e0:	0202 0202 0202 0202 0202 0202 1010 1010     ................
    47f0:	0020 0000 0000 0000 0000 0000 0000 0000      ...............
	...

00004874 <__sf_fake_stderr>:
	...

00004894 <__sf_fake_stdin>:
	...

000048b4 <__sf_fake_stdout>:
	...
    48d4:	2d23 2b30 0020 0000 6c68 004c 6665 4567     #-0+ ...hlL.efgE
    48e4:	4746 0000 3130 3332 3534 3736 3938 4241     FG..0123456789AB
    48f4:	4443 4645 0000 0000 3130 3332 3534 3736     CDEF....01234567
    4904:	3938 6261 6463 6665 0000 0000               89abcdef....
